,Sales,Google_Ads,Tv_Ads
0,0.11265061421555977,1,-0.2999134983641681
1,1.9560381845811314,1,1.088218086914327
2,0.3771036611322232,0,-0.07235279261363955
3,1.1018027423978773,1,0.4576183689194786
4,-1.667207298850904,0,0.15300534374447222
5,-1.8687232854885163,0,-0.7341023008535359
6,-4.0389699495695615,0,-1.1554511352519614
7,0.45427425773811514,0,-0.18018006109226817
8,-1.1727166041976314,0,-0.41502799810058766
9,0.06873640980637583,1,0.4329363236830895
10,-0.4185406611961455,0,-1.70864696227949
11,-2.446230794172096,0,-1.1000629322849853
12,-1.8120540004504124,1,-0.371191023867207
13,1.841564434213329,1,0.3119543235416482
14,1.1088355607312101,1,1.4071698287509053
15,-3.2610221858117994,0,-0.9778351363369702
16,0.48207412684051815,1,0.8528630876063293
17,0.17054947479168203,1,0.10906974925473265
18,-0.4590136278208683,0,-0.28024268565116006
19,1.9714933321353891,0,0.5852709108157318
20,-0.9883116772223703,0,-0.08175454752341808
21,4.966340485850709,1,1.2592201395632723
22,-4.046828443663052,0,-1.4811039769593157
23,1.2632401676338412,1,0.8692569729446182
24,5.047905602406236,1,1.8933799113189052
25,-1.0724890469483823,0,0.030413663551754754
26,-0.30105273108353725,0,-0.09846098903205087
27,3.2401298757493775,1,0.8778500462551793
28,1.0722271973529156,0,-0.011896307827762841
29,-0.9421521756638939,1,0.8935674635072411
30,2.6733750720917855,1,0.6212992077570593
31,-2.038617515066868,0,-0.5121948123017537
32,-1.616932981300645,1,-0.9414851153518063
33,-1.8963085616163813,0,-0.1666896636839273
34,-1.0692197141440292,1,0.38163164162081975
35,0.15928505972486995,0,-0.12358378530923873
36,1.593240089048579,0,-0.13941624149060924
37,-1.6229084976424413,1,0.05296361081304641
38,-0.92460620004307,0,-0.21225162778607495
39,-5.7343638642275945,0,-2.367655089487476
40,1.7980849811223405,1,0.9127592289794876
41,-1.4373096011926774,1,-0.2889438240570627
42,1.1479348131408995,1,1.0242313647496455
43,-1.021855989823156,0,-0.5555842368748158
44,-4.415970633426338,0,-0.9991711886136676
45,-0.9135183021475723,0,-0.4350463207262203
46,2.3318271953667202,1,0.6100855743474747
47,-0.8207586105326643,1,-0.21888764051229984
48,4.840551782812926,1,1.5729248222675205
49,1.1364683162272624,1,0.6672985386064205
50,-4.497887945802809,0,-0.8407581934802957
51,-4.438036867609983,0,-1.317873690147463
52,-2.2602536375184235,0,-1.4511349561996352
53,1.5707346657161068,1,0.5669082409455592
54,-1.660201079545112,0,-1.0578236656272704
55,-3.5751107444187227,0,-1.284816348541357
56,1.7433185873786898,1,1.4163373157903443
57,-0.9085710367705578,1,0.5968429230832771
58,-1.961862386927723,0,-1.1428047934805143
59,-0.6230024543668787,0,0.10893780094899767
60,5.529688974944104,1,1.2755270772405638
61,7.255508314550871,1,1.973909759968462
62,0.5760672499611046,1,-0.8692774656348324
63,-0.9284092323356672,0,0.18080421528150897
64,-5.171016767505334,0,-1.580454439231582
65,-1.7214741715278272,0,-1.0098162079712232
66,-0.8112608800901882,0,-0.4325188673461638
67,-3.382315287457769,0,-0.9261388580182499
68,-0.012100755016971922,1,-0.6472810077094799
69,2.2316684603178163,1,0.5216548110397106
70,4.114525193953883,1,1.466557837744964
71,-1.9869724998914682,1,0.08823403066800346
72,0.320469437109667,0,-0.23450787444200555
73,-2.7853452320833676,0,-0.660371165879819
74,-0.7560827982727283,1,0.2617297196781405
75,-2.7981053918516907,1,0.2131152289833193
76,-5.3145064273437415,0,-1.8865598937491688
77,-1.8860588334762423,0,-0.5517999161919147
78,-6.6878232767976895,0,-2.1188862583473087
79,-5.346464706496681,0,-2.014537787112807
80,-1.3454250713366476,0,-0.19920905260569446
81,-2.9573814938749052,1,-0.2436041632614211
82,3.1841252776926816,1,1.9757514869880854
83,1.3695628673761477,0,0.5924451035516091
84,-1.9400387010254705,1,-0.00989733525201434
85,-5.289444012758272,0,-0.7195618751089756
86,-2.7828060742068916,1,-0.4291194535611598
87,-5.667996571660551,0,-0.840140879072512
88,-3.5765696467045047,0,-1.018127975666383
89,2.2714631439681505,1,1.1432772521549246
90,-0.05634889212618879,0,0.10762712910388911
91,-1.2066096961813486,0,0.2657345010895073
92,-1.9319011475579266,0,-0.8460450840226217
93,-1.2222329133609984,0,-0.9104430454969318
94,-2.870088974228491,0,-1.758936545544993
95,-0.9317294468322328,1,-0.09172835450846499
96,3.531910959515292,1,1.6939149414414392
97,-0.4250848636708531,0,0.012833866779224079
98,1.2241344637515759,1,0.3200525944315944
99,-2.3661263622241506,1,0.40458699793517194
100,5.172435144239148,1,1.149560474205505
101,-0.8494357020471266,0,-0.6190001226579471
102,-3.067303212656334,0,-1.4478954470545886
103,1.8401896390659243,0,0.24620595929763084
104,3.3371613702986265,1,0.9063380577725199
105,4.274557213515112,1,1.7780782733111886
106,-0.05861560101175178,1,0.3259818313324303
107,-4.470971642444096,0,-1.700817900223968
108,-3.736538241265495,0,-1.7078511958217926
109,-4.250438567907397,0,-0.9439135386975939
110,9.323799501524158,1,3.538808401573539
111,-1.9814200845983247,0,-0.8066978333630647
112,-1.6016634415796873,0,-1.018626115809255
113,-0.7025702215907899,0,-0.5602378345485045
114,-0.6426832374734227,1,0.3888835184400745
115,0.942074756813345,1,1.0672338053791346
116,6.843697876581636,1,2.3252988103569288
117,-1.259311837585556,1,0.20401111650672438
118,3.835767014793023,1,1.201237765369442
119,-2.9684545015168893,0,-0.5823110575808802
120,0.7255941117078287,0,0.12410334833656674
121,-5.841765558594151,0,-1.069079101511262
122,2.4213574485247173,1,0.054136308463273525
123,-3.2829781856031413,0,-0.7086566094706023
124,5.72878788915981,1,1.5980698640665267
125,1.5130069666043047,1,-0.4290316122724255
126,-0.47790536202022477,1,0.7011753070607157
127,-2.0942881290643585,1,0.7187035445059116
128,3.6727402038288393,1,2.184457617786488
129,0.13405441215905478,1,0.4391579118531423
130,-2.759281699379077,0,-0.534808320689557
131,1.849562792809951,1,0.11529776619586424
132,1.0065897676885933,0,0.4881476830761035
133,0.7246733693896995,1,0.03326223480965147
134,2.9767849366768937,1,0.5297578659503073
135,2.7685241083195207,0,1.1395831814079727
136,7.962663129556309,1,1.3530246653869236
137,3.9773814832532075,1,2.08386611246453
138,-1.9543455271654495,0,-0.5489360699936972
139,-0.008993997062194226,1,0.20238179353193786
140,2.9497725055166346,1,1.0107662963620132
141,0.846525890394249,1,0.6261219666787124
142,0.185425757193558,1,0.5376894472666957
143,-0.7759848327477756,0,-0.36305492401632755
144,-2.4154137624429737,0,-0.6846996855917022
145,-1.2478431300181607,1,0.009125369132399553
146,3.668968326978185,1,1.0318958280399813
147,-1.0098591755841961,1,-0.0503519707022913
148,-2.1657427855091,0,-0.7408289535999757
149,-1.2539039064859199,0,-0.8524313960649129
150,3.4585316056814785,1,1.6655981156619386
151,4.895607979951469,1,2.147953773822511
152,0.2953301682102582,0,0.7607714803607768
153,0.6460046004735365,1,-0.6220071095668814
154,-2.8990318214707718,0,-1.999095116542086
155,-0.5283390260690424,1,-0.9355474992816143
156,2.350559224404222,1,2.006366009881305
157,-3.9183199550183954,1,-0.7846665279461831
158,1.1352607494962568,1,0.6791955497010875
159,5.276499157103489,1,1.5986167471592798
160,3.94064292814167,1,0.8429148282578824
161,-1.3276884587924604,0,-0.18656335311682445
162,-3.0186630564042547,1,-0.034645931589525926
163,-1.8727630239631194,0,-1.264831594057481
164,-0.006677079291973975,0,-0.19908123074844453
165,2.3089960796094813,1,1.8005997144226495
166,0.34641625074005383,1,-0.7969026329860306
167,5.753599433667848,1,1.0928437099380564
168,0.8554222512325864,0,-0.5056381434969628
169,-2.0320552450790172,0,-0.7247656542483902
170,-3.7416057684722372,0,-0.8186918912623351
171,-2.4798660337523195,1,-0.1927151545749668
172,-0.7667288131581544,0,-0.525007761908196
173,-1.2435532368910567,1,0.06597742077924261
174,0.41025945223765903,1,0.4282957782180678
175,-0.8101702688162812,0,-0.617018385562264
176,-1.1844723192881026,0,-1.2825104475417235
177,-0.644554224399647,0,-1.2839531836088973
178,-1.0067537494371765,0,-0.1809041618745658
179,0.17776261710831776,1,0.41635244680432143
180,-6.3509992182383765,1,-1.2265565043657127
181,1.1067323587725364,0,0.3616623377679685
182,0.2066144792093782,0,0.4318082189201085
183,6.847249348945938,1,2.021308271834982
184,2.224276459094936,1,1.0751332533646853
185,-4.8631935389838015,0,-1.2700877986612522
186,0.8894941440038138,1,0.03236352063776971
187,-0.7234688965179616,0,-1.093100024131224
188,5.920479424155944,1,1.3944212598473362
189,2.506812799015198,1,1.454580167943672
190,1.5302496990780752,1,0.27414577214124664
191,1.8889357460943104,1,1.596793151970274
192,-1.4268866172801213,0,0.22769035808124916
193,-3.05930820976443,1,0.11441546450027704
194,3.572176573623512,1,0.7387051934915638
195,2.7457030260378614,1,0.9864064429347954
196,-5.211142986903332,0,-1.4856342179265183
197,1.5883698286208348,0,0.4783361561950344
198,-0.25701442911727385,1,0.19625692929524272
199,-3.437511514166361,0,-1.6625887674823159
200,-0.866847209259171,0,-0.6777060828983157
201,3.8796164255788015,1,1.3464381362907736
202,4.669760304056557,1,1.5742480395436627
203,-1.5841321089016251,1,-0.32758300820236447
204,-0.5064419013034813,1,-0.21740962787519544
205,-1.6544596663232105,0,-1.3696638015989582
206,-4.440123933666971,0,-1.2576752211632183
207,-6.284619408555091,0,-1.9286045902327937
208,-3.5630217191510143,0,-1.526222995536174
209,2.225815092083215,1,1.1496799300579115
210,2.8198833982682796,1,1.4388673108568324
211,2.787086808783232,1,-0.11323485275644085
212,-5.83597908261811,0,-2.1866468366048206
213,-1.0595849154586272,1,0.34941287157487616
214,4.451809952744095,1,0.6572678957898507
215,-0.3089345008475433,1,-0.80101839197654
216,1.340514493267211,0,0.039985073718105425
217,-6.17170404694833,0,-1.402343096178068
218,-2.193781488911237,0,-0.939141824851737
219,-2.8254349915868877,0,-0.3630974956492039
220,2.57079690701906,1,0.2826012493882273
221,-1.7266608497628773,0,-0.48718222116052734
222,-4.224083949330642,0,-1.5459763880230086
223,6.839504096311446,1,2.676962951083675
224,0.7128894329362592,1,0.5081907373240426
225,-4.601933314543586,0,-0.7124414698458719
226,-3.2169146710465704,0,-0.19856409313694018
227,2.3307296732288694,0,0.9034318789243769
228,-1.9413765825391436,1,1.5039113419581398
229,1.1030651108224236,0,0.021986622091184262
230,-5.265445626671385,0,-1.3070309388358015
231,3.8145290668841767,1,1.5993984711609588
232,4.444792749000911,1,0.632485055998163
233,-0.20076267053095598,1,0.6191054767727414
234,-2.834270487103999,0,-1.7262711640546577
235,-1.475338122520268,0,-0.013679607410876385
236,0.4883788300182501,0,0.16202256705399581
237,1.330795175983864,0,-0.32931412710097147
238,3.9184884626801795,1,0.6871603110954442
239,-3.430343982283269,0,-1.2089975376861435
240,-3.2511228937035495,0,-0.8890783101827412
241,3.9937738718929454,1,1.7473683367768402
242,0.2610559487310171,1,-0.3643477044904986
243,-3.358158031598435,0,-1.5047888774948979
244,4.919423523947901,1,2.0200979558184224
245,-4.944803113369693,0,-1.5668849627288297
246,-0.8800666300550724,0,-1.1677339121700792
247,-2.0012625923959906,0,-1.1043998685518843
248,-2.37093050962679,1,0.3817473369899795
249,-0.7491419473631858,0,-1.0998046797907615
250,-1.7685884351709555,1,-0.3349384741897064
251,2.520885175845275,0,0.63130732714351
252,-5.445586358604813,0,-1.7726641879647114
253,0.6991665539289813,1,0.9039479020547783
254,0.7450417872025337,0,-0.37076515516719283
255,4.180314012651891,1,1.9144591165376017
256,-1.9045457787806497,0,-1.0075319357786112
257,-1.9645559885989468,0,-1.1702689535499622
258,-0.4344187638255096,0,0.2736096066840161
259,1.3723982372688135,0,0.040030132579095
260,-0.2172099609034518,0,-0.29496023332624244
261,1.1612815737593212,1,0.4164357855070134
262,-1.0018937253682882,1,0.19024649245109412
263,0.28934812033467894,0,0.006131762551457804
264,0.6238731398452758,0,-0.35436892291888517
265,1.174463572162476,1,1.0246259770709556
266,1.0838663681427454,0,0.24575466547635055
267,0.06855968601651613,1,-0.32710688777633756
268,0.10315980070560593,0,-0.3290155851281758
269,2.84484777826719,1,1.4388275456956392
270,5.326279788627198,1,0.12876890899197463
271,2.0399999923077137,0,0.10530404849814437
272,-4.347454149202286,0,-1.7679634805549522
273,2.239553983728846,1,1.2324848119740586
274,-2.864543201930928,0,-0.12072907869350719
275,-1.375675089909309,0,-1.14372066361567
276,-3.444868553758822,0,-0.9029910576625427
277,-2.1148097793250846,0,-0.8547430815377367
278,-1.2492459680921613,0,-1.1651514920376804
279,3.338720378475019,1,0.6477132607733124
280,-5.7290716380175635,0,-1.1030434756822298
281,0.8281875545921038,1,1.1414972447321274
282,0.17031102775335044,1,0.08332560386819131
283,4.475147653331663,1,1.7011132536380602
284,2.5235111279695968,1,0.6704939391282431
285,-7.901229124897054,0,-2.041831679015722
286,1.9231358605505475,1,0.8702611797312404
287,1.2688469495125803,1,1.569404047813401
288,-3.2937696491032966,0,-1.1439510247110551
289,3.2711142186684206,1,1.2139016504193738
290,2.4778527481998207,1,1.3497166741419904
291,-3.475397506415904,0,-1.778709468712085
292,0.01902892799253586,0,-0.5459326158047278
293,-1.448555458900952,0,-0.2702231067162357
294,1.6915422191862466,0,-0.01216458974726513
295,-1.2376412885757844,0,-0.8915837459514981
296,1.6184233558773307,0,0.25916835200048716
297,-7.49630973739446,0,-1.974542920164458
298,3.4040556409713316,1,1.5614293303644236
299,-0.6410868331715887,1,1.068003941309169
300,-2.712711118626372,0,-0.5095006613575126
301,2.567152778527346,1,0.6941943507078465
302,4.023777537264496,0,1.1646972154679756
303,-1.839114902832293,1,0.280634408011932
304,3.216135341043121,1,1.005290085493555
305,-1.5734767858263456,1,-0.5733427844752632
306,4.4161320861769715,1,0.914391933210113
307,-0.09986643475452217,0,-0.3970213745246647
308,2.8050834947143377,1,2.2829572064218495
309,4.730665829182434,1,1.031888811343263
310,2.2767247795220573,1,0.10992644179517688
311,3.0116222378292035,1,-0.03698615048373409
312,-3.180341597615794,0,-0.9932080794361888
313,-0.7569145085868891,1,-0.04284273776700846
314,4.288840645631305,1,1.0201213236397697
315,0.8921438273367057,1,0.573359365465892
316,0.3594480433742492,1,-0.025401349311693806
317,4.010618353797238,1,0.5275090675273592
318,-0.16116399875369292,1,-0.7396181313849455
319,0.7147833233981203,1,0.7231331806467848
320,-1.5600444286559731,1,0.2646855392040866
321,3.7339780903138067,1,1.5214761914286759
322,-1.234734579825484,0,-1.8932072158371622
323,-1.1527425185568951,0,-1.0005834289244555
324,0.8343571893434292,1,0.9494031813176896
325,-2.856543596418856,0,-1.1236775455197712
326,5.3419974789721545,1,2.831537871804696
327,4.681976463667404,1,1.0221614224109596
328,-0.25496880598004346,1,0.43619695306707806
329,1.781896220694203,1,0.17096393032588952
330,3.3402790931337583,1,1.4764413762202035
331,-2.037483270111912,1,-0.19553328409590784
332,-6.24057932424755,0,-2.8456525600721734
333,-5.1622698500195625,0,-0.8203016879665129
334,2.349423165971092,1,-0.20864796719979023
335,-2.6828348940979594,1,-0.24023470971031174
336,3.8843245870922685,1,2.6377953326204886
337,0.16659614810758638,0,-0.5475446214871196
338,-3.033746035845679,0,-1.2179047542514008
339,-2.0225484238804707,1,-0.39027651661979834
340,-2.6577181678999864,0,-1.2962791662938522
341,-0.4605473893965296,1,-0.06726365601295146
342,-2.9771362193224684,0,-0.5375420211714568
343,-2.6524691369639983,0,-0.17870539105167832
344,0.2518001467528876,0,0.10053046646688404
345,0.7502255456081035,1,0.7492056374651362
346,0.2657002750641173,1,-0.1222265176236657
347,-3.2724553547557407,0,-0.651429319275491
348,1.4687639598558873,0,0.42263078236665536
349,5.409703660668847,0,0.08234496539797242
350,-2.0616787524820883,0,-0.8583508921714706
351,2.5096423926210623,1,1.437689011937621
352,2.2100536629236736,1,1.005601446734973
353,-3.1189139895222473,0,-1.4346538221351812
354,5.226617905686677,0,1.5454774473108164
355,-2.4040989673943196,0,-1.3248812886099757
356,-2.1002546157051176,0,-0.6155143052741577
357,0.5540654260899558,0,0.2746050205660903
358,5.971106543309499,1,1.4580242968869186
359,3.7379253898567657,1,0.4971355051762664
360,-7.139494294275003,0,-1.9809022581241076
361,-2.133674114313479,1,0.10967824555405165
362,-2.2999173240396105,0,-0.10394966758231991
363,0.3400719062264243,0,0.03340072706361086
364,3.1554679519910844,1,0.47496213467158516
365,-5.891888466542952,1,-0.5972996216919885
366,-2.1572761457977183,0,-1.3594629588265519
367,-3.0989925075188802,0,-1.2908648615252092
368,-2.3790948709041695,1,0.6156747881132895
369,-3.1125394924001983,0,-0.7625587996875146
370,3.5130642862006307,1,0.8683465704984149
371,1.3426393115849424,1,0.8642475095306577
372,-3.1603801494427044,0,-1.4709298881057848
373,3.2098344050668186,1,1.0503820352168627
374,-0.08967245987807959,0,-0.8002613475589546
375,-1.2618999397488504,0,-0.16766345769318902
376,0.33596869486955616,1,0.20717886274243416
377,-1.182983093462521,0,0.04459283122951804
378,-2.7352589868311057,0,-0.101657545939336
379,-2.242323170150544,0,-1.034623471883281
380,-3.127570532361835,0,0.12775046693119652
381,1.4839705861970176,0,-0.29812777735933993
382,-0.7486400047501139,0,-0.5289841918244459
383,5.271984928291078,1,1.208188901035729
384,2.0727561590167,1,0.13784358242588512
385,0.24860258851250414,1,0.4995877064193169
386,-2.796702080645048,1,-0.14208306208601293
387,1.1870422386787873,0,0.5965352800632934
388,-7.307045163529077,0,-1.50224784691873
389,1.0576269885162106,0,-0.5855805093971976
390,-5.172877192326135,0,-0.5655816215207591
391,-2.609871501535482,0,-0.7718086673399946
392,5.317581774684277,1,1.5756148414734878
393,0.03690292622805055,1,0.4380532728147051
394,-1.644205331308856,0,-0.9375782157846877
395,3.817627574686942,1,0.8977200521463984
396,0.21616986823732287,1,-0.04780585230315204
397,-3.1182712843530633,0,-1.7290422132129268
398,4.553509897135618,1,1.5363225705749437
399,2.26802390239049,1,0.5380120337906806
400,-2.4102885400295455,1,-0.6250519590899619
401,-0.09448652177988537,1,0.581830709446491
402,1.5638676100261977,0,0.7154406487817383
403,3.888344697492355,1,1.1678292491381264
404,2.829249398981247,1,0.5021263077731053
405,0.6092129259831963,0,0.5578134604602341
406,5.762090559572479,1,2.156666830040164
407,-2.0359302963684853,0,-0.8462062452889808
408,-0.33115074851536763,0,-0.9234073748116542
409,3.4616998398274674,1,0.5787134823797946
410,0.24965337056213494,1,1.0555642051478407
411,-1.8381710904875066,1,0.27663486404198817
412,-2.6646937145075373,0,-0.3051902611521529
413,5.543510337204468,1,1.529474172937986
414,-2.0409341895293682,0,-0.7465743016951819
415,-6.178969022656021,0,-1.7498792758540787
416,4.212595962333591,1,0.5017628092800255
417,-3.9585858280096953,0,-1.565636473408915
418,-2.2515301017023543,0,-0.49490786467750225
419,-2.8406942219910722,0,-0.6360142837447414
420,2.7784885011769735,1,0.9754599649376423
421,-6.921456834868213,0,-1.5392714690236968
422,4.267682385340694,1,0.643735087825206
423,-1.5480966960058347,1,0.34714723363432176
424,-3.273229133910973,1,-0.9355440017381872
425,-0.13371339079535705,1,-0.6345371872431379
426,0.11581667950201358,1,0.13090007603238507
427,4.332223404175423,0,0.8654971822848561
428,5.53405200136272,1,2.553403324282077
429,4.62670281628276,1,2.0854604227342954
430,-0.1638156049644119,0,0.08428449603444572
431,4.947727847498517,1,0.9247565066577539
432,-7.6420603357723795,1,-1.869074486346936
433,1.0405399975717804,0,0.13161093574388624
434,-2.3883278729643966,0,-1.2466418327542466
435,-0.7765423321961937,1,-0.3061703660094328
436,-0.9900271668191489,0,0.07429341533967865
437,-1.3718313839400056,0,-0.2910697506678511
438,-0.24264960256661328,0,-0.5992719060227852
439,-0.6095424889112337,1,0.28659610131726404
440,3.2314893309336856,1,0.6998492921687289
441,2.0564605745284994,1,0.8818730007042512
442,-1.0940816926258023,1,-0.46979187309751713
443,-7.514289493562598,0,-1.8033280620153949
444,0.5972617170103549,1,0.05068290574520658
445,-1.1769062609218706,1,-0.21399542007593864
446,1.6106277586771187,0,-0.2562867628658109
447,3.0238245474402166,1,0.4259270449333693
448,3.504938042212755,1,1.3380234844329029
449,-0.024668540567823017,0,0.2195494604298122
450,1.5414533584495946,1,-0.11703166382437927
451,5.54305194016908,1,1.4634196391211385
452,-5.550055348119328,0,-2.255937008020925
453,-2.9200054566946343,0,-1.6002663100413652
454,1.0631730269766253,0,-1.0383279913936656
455,1.371447613443952,1,0.899203939432094
456,-3.7769744130420495,1,-0.9925308817974393
457,-2.1526251298997083,0,-0.9033695619892369
458,0.17036045941498235,1,0.17720050137199936
459,-1.2675463696324625,0,-0.621434362411304
460,4.450478228682551,1,1.9909131370490516
461,-1.5463390826660541,1,0.228294058811589
462,3.253732686780366,1,1.221942187268535
463,4.435923836581793,1,1.8189501604844782
464,-0.8397555063425474,0,0.11775397014433091
465,-1.0376130196750994,0,-0.37965004194686636
466,1.2365620010959706,1,0.5080615877914524
467,2.8631652875636746,0,0.533678703246535
468,4.238046662100792,1,1.637877668074971
469,-1.4859584763778941,1,0.3983055802429269
470,0.6302605256435406,0,-0.06890529439961937
471,2.3805600580130992,0,0.8568029451715264
472,2.0932900424858087,0,0.25405701578074014
473,2.5346847438988616,0,0.7618214736771143
474,-0.8508562957726027,1,-0.3808735799882171
475,4.3466526146711,1,1.2984370152920233
476,-3.9632129122798516,0,-1.670941971902676
477,0.20512204674912127,1,0.23022877504490785
478,1.332076370734475,0,0.6920758741382522
479,0.12455659662062013,1,1.0655544705131723
480,-5.128268623180163,0,-1.8234343466576466
481,1.352487582562596,0,0.5564181973568408
482,5.695088143248247,1,0.9778656024192015
483,3.1640480771568504,1,0.9251643528295018
484,-1.3251338609549421,0,-1.053354146012603
485,-4.880169763920105,0,-0.8197765109807078
486,-1.2469725962105944,0,-0.7278197448275612
487,0.5965267924900469,0,-0.07939643445420454
488,-0.923527489149672,0,-0.15232014224896853
489,-3.10215900532056,0,-1.1651116053035446
490,2.1426261670291438,1,0.6014230740665777
491,1.5664457823897044,1,0.14737704347586547
492,-1.1240217926664664,1,-0.5358517734241347
493,-0.8872692461092018,0,-0.3402567520284576
494,4.836924778143551,1,1.2261674907127242
495,-1.0493471334358326,0,-0.32507468955779145
496,-2.290723779183229,0,-0.3016750390805382
497,2.9442941499591937,1,0.8404168504295922
498,0.15145513271843059,1,1.196090240923791
499,1.69902358513517,1,0.7526986004714498
500,-3.2982501682580474,0,-1.6399036760455243
501,0.9191766256548535,1,0.505368363536397
502,2.689370556666596,1,1.173415640704258
503,-1.056581602756914,1,-0.19950194136483682
504,2.2446356327501342,1,1.0866710025331836
505,1.1292970321113258,0,-0.22190850597393166
506,-3.0174600875586264,0,-1.1439364881223293
507,1.9364976009143622,1,0.35983480211340646
508,1.4910019510088304,1,-0.28454208222422767
509,-1.4709766742430985,1,0.7318635092938236
510,-1.214042365746257,0,-0.5942131392189615
511,-2.7313988348463294,0,-0.9071492126860214
512,0.09584411571129131,1,0.17626808990501788
513,-4.96186013391013,0,-2.2140174791862752
514,-3.2997396708480156,0,-1.416275608809701
515,3.1154442631176815,1,0.17963048279322888
516,0.148608678990886,0,0.44345737986410816
517,-2.690552886045337,0,-0.7975808851546818
518,-1.0873551971213073,1,0.310669302300261
519,3.388969130487585,0,0.5548074515819034
520,6.4766996665590275,1,0.6933641334949437
521,-0.9629906739269698,1,0.009674076507048766
522,3.5363442058103436,1,0.8528060563236911
523,1.1531566611070645,0,0.40151032068800846
524,-2.172634416718003,1,0.1575744816443074
525,3.3965945809822253,1,1.2130190445553444
526,-1.2954013572721508,0,-0.4751747775110173
527,2.5081362538738055,1,1.2641784400429186
528,1.8608983636319658,0,0.9119999310782564
529,-1.5395907257833628,0,-1.3303828300580542
530,1.2029788786290612,0,0.22330910185093011
531,2.985889829662311,1,0.6152968911330242
532,-3.1493194240356353,1,-0.7240528553788437
533,-1.8565201620456533,0,-0.57258128487179
534,3.5851742053160898,1,1.765369802770883
535,-0.37158569200030434,1,0.23373054171532776
536,4.321384882335303,1,1.2983996376163922
537,0.20494801358458004,0,0.06719366238524115
538,0.12622470259233637,1,0.3344672866490189
539,-2.344286570830892,0,-0.48789880953576287
540,3.2882136299332405,1,1.266178667553201
541,0.3405237532864096,0,0.06363055781626936
542,-1.9500993607122274,0,-0.8936804025465873
543,0.08493513491178428,1,0.8033988503573906
544,-2.8126933884983347,0,-1.259595934207939
545,-3.596119145178066,0,-2.1791274135556797
546,1.6509356090690417,0,0.7372674509536536
547,-5.853953866085198,0,-2.1245245436593376
548,-1.7332345025889795,0,-0.6750865953069631
549,-1.5126019987744135,0,-0.008349473206496653
550,-1.2504281584884498,1,-0.41482656991308736
551,-1.1404927402199216,0,-0.957154482481388
552,0.28416758397381997,0,0.018359039636098317
553,7.208302414935997,1,1.9635248805424304
554,-2.821378281854574,1,0.917042265249569
555,-2.8428023350388756,0,-0.4234305845790966
556,1.5114924417978566,1,-0.2342606255406641
557,0.09627268543397585,1,0.15207595938845092
558,1.1354581926540028,0,-0.02362040608864275
559,-0.3666931813109072,0,-0.1559927822633784
560,-6.213530643196494,0,-2.1882542932157145
561,-2.545682211560171,0,-0.7481291713108477
562,1.0514713475313466,1,0.9968687576202276
563,-2.4409357666655627,0,-1.1844158560125062
564,0.9369421268065306,0,-0.35763205668177284
565,1.7105314671697913,0,0.35211931399744933
566,-1.9805225958754789,0,-1.0608977586972126
567,-1.0751868919515568,0,-1.0693149314384043
568,3.8765273174234403,1,1.1983234198903951
569,0.10280241561763553,0,-0.33827327737323254
570,-2.2363305832487113,1,-0.3047350325923017
571,-3.771259446219738,0,-1.3627075167540734
572,-6.3220529677152015,0,-1.71152001333071
573,-0.3296961746741316,0,-0.4358826749855776
574,-0.5423815791995295,0,-0.9777824579943819
575,-3.224486595800735,0,-1.3500479033418675
576,4.354918597228164,1,1.0613415304690366
577,-1.3128096186986187,0,-0.714431561988414
578,4.039110966050673,1,0.47654770341682084
579,4.221803860707151,1,1.613267889228765
580,8.33547270805204,1,1.7997052882469282
581,-10.841475203176667,0,-1.3289821896834506
582,0.42273571806119326,1,0.692860620385513
583,-2.880241112487966,0,-1.2314480529887744
584,-1.5499163056047494,0,-1.099914744029992
585,-0.8074473952558967,0,0.13738281362877242
586,-3.1649779373019293,0,-1.3356269043887627
587,-3.372835368260784,0,-0.691046949937379
588,-3.030238140940268,0,-1.3026442335460433
589,-3.439254693540836,0,-1.347634512639542
590,0.7770326248499639,1,0.5707352011639686
591,1.045896457839625,0,0.500244504640854
592,2.9452880298540682,1,1.050705978722894
593,-0.6464431794959995,0,-0.0331482119947226
594,-3.528137667160875,0,-0.9180998146764079
595,-0.2486397596958616,1,0.2340368678656681
596,-0.02176298097051302,0,-0.20435579795063666
597,1.1786501246795988,1,-0.3146065527785803
598,4.0188254580943426,0,1.5336357983918134
599,1.7268269673050485,1,-0.538089282197441
600,0.7657009329089745,1,0.3271506200545367
601,0.14464597062087714,0,-0.010482615154181486
602,2.9021376154427325,1,1.3996168697530162
603,1.1623872505866928,1,0.8936812154857229
604,0.959727952179075,1,0.2707984642607252
605,1.182156658038292,1,0.4939044045398568
606,-3.1789807834952635,0,-1.110101755209119
607,1.9935164248039836,1,0.07563019941443569
608,1.651872067918625,0,0.5091555836698555
609,0.023171717263763103,1,0.5808269444478215
610,-3.288825666958519,0,-0.9418401585746898
611,3.5295563084600947,1,1.7955600938013465
612,2.317570342822742,1,1.9549515182501866
613,-0.159764517119005,0,0.07293854902696773
614,0.7373349653158138,1,0.531607388363321
615,-0.5708950612341159,0,-0.7130218566150351
616,-3.549987025062881,0,-1.1140403077844223
617,-1.7175894931297235,0,0.10508446665604826
618,-0.12481374864475031,1,0.5337565395543032
619,3.4401169521812576,1,1.9256740572256816
620,-1.2684366294490195,0,-0.014388445929461235
621,0.584081653703756,1,0.16093594612957904
622,5.295055145114947,1,1.001980319600231
623,-1.0954173803705094,1,-0.19588536435541584
624,-5.221509911071256,0,-1.2612540541082036
625,-0.13495511277525596,1,0.461962875915113
626,0.3207728619655421,1,-0.030555662103209567
627,1.6142210436295505,1,0.3400738186616692
628,-1.99131401580404,0,-0.5361868136425202
629,-2.06940486690908,0,0.19681243123631229
630,-0.3933422462056033,0,0.49191117790244937
631,3.5542565052390147,1,1.4325279147577914
632,-2.4906825765410816,0,-0.8544746800551978
633,-4.2943328148134,0,-1.6834881277867202
634,1.7339630424338233,0,-0.1446761292277312
635,0.6230924639402022,1,0.35591688694426143
636,2.7494982024013117,0,0.9030497849494977
637,-0.12697254387105036,0,0.4335083113175614
638,-2.540512237979999,0,-1.2188916470364966
639,1.2780841802400533,1,1.1459239212543966
640,2.553543476664809,1,1.5420671488537043
641,-3.924729042464699,0,-1.2874578247711372
642,0.6157181999477088,1,0.460225713329372
643,1.8346591263222536,0,0.0019691825141251677
644,-2.289517853798268,0,-0.9168850413267965
645,0.3905388704490498,1,-0.040986041007101424
646,0.5408837676650409,0,0.2559629955457547
647,0.42784497766291196,1,0.9378049556350239
648,-0.7648254025994028,0,0.28190905677763695
649,-0.8374890031991286,0,-0.6535950865626268
650,-0.459627563241518,1,0.4717888032719421
651,-1.0995189575311588,0,-0.07146012895770427
652,0.9387041073488067,1,0.4490429416498331
653,-1.3212531921606656,1,0.30993583332859165
654,-3.3029393043146555,0,-2.064969501466943
655,-4.210224791366078,0,-0.940872098136507
656,-2.8546969591938414,0,-1.3533891300719343
657,-1.5647039267355203,0,-0.5309417472361905
658,-1.7965574949766434,0,-0.8896054526477045
659,7.174800742748312,1,2.4597676356296776
660,3.0499937784724356,1,0.9962609471797629
661,-4.82963414485774,0,-1.1970856069632878
662,-0.7538106964890192,0,-0.819852412971957
663,-1.008410321446624,1,-0.1745818127426588
664,-1.2545040935446587,1,0.5395612115349038
665,4.565782091787381,1,1.8458576897982282
666,1.8707518579076503,1,0.6281852011342043
667,-1.0224413349660442,0,-0.2720938967021631
668,-5.564604127664267,0,-1.3101355285045118
669,2.4928951289959795,1,0.2665872661224326
670,-1.3288028551327002,0,-0.763776803629568
671,-6.18448884659462,0,-2.0757399568406014
672,-2.7025211231813833,0,-0.8009379109582566
673,2.6295316517574245,1,1.2341360682763007
674,-2.220868180651338,0,-1.0657563859315682
675,-3.4009999031825284,0,-1.2821191868420485
676,-1.6994457128791773,1,-0.002241384289682884
677,-2.3210358583108244,0,-1.6969373769674037
678,-3.5537512297280607,0,-1.6066665214144131
679,1.977614778346949,1,0.5416030871885626
680,2.1722518355759792,1,2.001198402953494
681,-2.4248027223621325,0,0.06352053015873671
682,2.5666810310095296,1,0.38787059796757134
683,-2.580588971630264,0,-1.470893251538559
684,1.2498808645554793,0,0.20605743087705258
685,4.363263359843988,1,2.3270806514340663
686,-3.1011732631036732,0,-1.3514359619475151
687,-0.9070180554553239,0,-0.9654486763784658
688,0.4971626987682846,1,-0.1915448271009728
689,-1.7408387905202038,0,-0.3111185946309561
690,1.8090009502371733,0,0.036645148098244575
691,3.0101998192161257,1,0.624647563470018
692,1.4311512973449334,1,0.23995333855233927
693,0.4603573196321036,1,1.2785027137809564
694,1.655704191303574,1,0.3571964775686889
695,-0.23704569914083776,0,-0.10593538008085537
696,-7.672213392786176,0,-1.510783229745373
697,-0.43052497702988207,0,-0.325246634147699
698,2.8059670575169706,0,-0.010167389044509098
699,-0.24461483009216423,0,-1.9856855033527074
700,-3.4558946059554607,0,-1.2227953272477707
701,0.7090129895078386,0,-0.2428181199851065
702,-1.3691226695028444,0,-0.39719446746946485
703,-4.679669420592752,0,-1.8821827520874055
704,-3.8958911420255253,0,-1.072201855200172
705,1.5569193624495192,1,-0.19850356729142743
706,0.7676237834637818,0,-0.9360322981176307
707,-2.1170938151212857,0,-0.7269516757351916
708,-0.19215948952993678,0,-0.373324180200426
709,-0.3744477859902036,0,-0.6308198053513014
710,1.3592462236620677,1,0.25990532039402564
711,-2.9345756613829708,0,-1.032826703937768
712,2.1301402129353284,1,1.5651603050963083
713,1.4066475318992504,1,1.0946523551423093
714,-4.749585088156306,0,-2.13835566856089
715,-1.5004302801411373,0,-0.7940500309961634
716,2.4342631838790334,1,1.2244945245531664
717,0.865415819779221,0,0.18463630617022317
718,-2.2402871127330117,1,-1.1908775195035004
719,-0.853529063401517,0,-0.41649709448150074
720,5.594352307426531,1,0.33362567665649306
721,0.23408030323808848,0,-0.3288432317044414
722,0.9820419525108883,1,-0.26258789140126043
723,-2.967815559761032,0,-0.6844761831193348
724,-0.4137400926421647,0,-0.3486785145742249
725,1.033509682437634,0,0.19567000920731922
726,0.5222004048363745,0,-0.5794708786202389
727,1.6785828597083055,0,-0.05636777061755273
728,0.8773365807927178,0,-0.12372125947911258
729,4.024338498499495,1,0.5034020285320991
730,-4.657635282446398,0,-1.522948060881442
731,2.310769881077583,1,0.8620417250039141
732,-1.1377784920760219,1,0.008584338316688925
733,-2.1247845413214934,0,-0.6545488288756997
734,2.8543727628149513,1,0.7616858536437704
735,5.04224134348475,1,0.9697930692586415
736,1.4072327791112813,1,0.584428058695357
737,-5.991784063292982,0,-1.939199953509071
738,-1.16410469661142,1,1.1609871183394258
739,-2.467437919989654,0,0.45415580905898006
740,2.660877976970342,1,0.9511631082900447
741,-5.783698078756232,0,-1.9824881706922843
742,0.14194669119966719,0,-0.2109601177445533
743,-0.7159264818824314,0,-1.2782753660738175
744,1.4134269878127044,0,-0.23886667373555465
745,3.1090102242576623,1,0.7542115752647616
746,-8.884695185504032,0,-2.4421978172442893
747,1.4809333558901576,1,0.5364812282274029
748,1.267389308973189,1,0.7792565128648972
749,-4.824044851287926,0,-1.4458398516033533
750,5.5627475688716705,1,1.7457999463597316
751,0.48534130688864574,1,0.8299684083602576
752,-1.8708847877604735,0,-0.7395231450323763
753,1.5268283466277761,1,0.6629995565981681
754,-6.87817647277446,0,-2.822783764640934
755,3.7333117724752154,1,1.4623130708165153
756,0.24414212038295946,0,0.0012663544758770267
757,-1.1347036877620333,0,-1.5406665839524443
758,3.9585973740602136,1,1.4812113492243013
759,1.5040431520876174,0,-0.33925184628807065
760,0.02454644281368472,1,0.24044464695658982
761,4.0223853929350195,1,1.10468471909726
762,-2.6142277160711043,0,-0.20743921819333364
763,-6.360547577860268,0,-2.9538732862113397
764,2.678901755779871,1,0.4018166407860385
765,-0.49450358760953617,1,0.3173992831691696
766,-2.8242447207633927,0,0.20480852979606823
767,2.012471141232157,0,-0.11681480158405842
768,5.414505178416188,1,1.1788936089846722
769,4.4593450455217765,0,0.7978931100626202
770,-3.015143615953578,0,-1.8630007841471017
771,0.7507597750718445,1,0.2534022515143084
772,7.200936908846804,1,1.6629872232913692
773,1.6853534365297893,1,0.6426410667152872
774,-0.4172661920893405,1,-0.4620462924682847
775,4.096505246519749,0,0.5995813508640464
776,-1.3635808353642973,1,-0.4081386083482327
777,1.8661205070554607,1,0.8859275392287421
778,0.5152085896188549,0,0.02431389057947155
779,0.9938692059240566,0,0.018129546395181585
780,1.928813390383802,0,0.11487275041570792
781,-2.145195327767783,0,-1.1304169348455433
782,0.9047627429700236,1,1.260914823210136
783,-0.9855341459341582,0,-1.3636156221163187
784,-1.3682345932067554,0,-1.2645452060247317
785,-2.6208529706046266,0,-1.6427250511241
786,-2.4331112126525296,0,-0.9154888523824019
787,1.7420142213406629,1,0.16689668965546756
788,0.899825405022042,1,0.6387335751526007
789,-6.630556021802383,0,-1.8480157539167847
790,-4.348628247622978,1,-1.0228385744914346
791,-5.057094974507213,0,-1.8166733153740362
792,4.23541440452031,0,0.6428209850956096
793,-1.355578112950343,1,-0.002171909718388498
794,-0.8160093613195638,0,0.4602075525398078
795,1.4849975151330093,0,0.8859481602112683
796,5.304326131172478,1,1.8108432831219183
797,2.0047761895556975,1,0.7835459962468316
798,5.440074863417964,1,2.973591483296713
799,3.934282109533887,0,0.7024427879499554
800,3.7207505304554584,1,1.1144339435823836
801,1.9913978919673079,1,0.5666652453918224
802,-0.4108278505155315,0,-0.1011817904171764
803,-1.4240515120065282,0,-0.27587082716815997
804,-0.8314215073848418,0,-0.4544144975805431
805,2.105398885154736,1,1.1438181380978873
806,-0.7681714202065063,0,-0.5490657750864781
807,2.2854432234342705,1,1.3206137531799138
808,-0.5087639453588246,1,0.3717475677371393
809,1.744838774774101,1,0.023209380677302327
810,-1.9455413663316554,0,-0.4731386180781589
811,0.44708801912065455,1,0.7393305556294368
812,0.805215898319144,0,0.22517591824897207
813,3.461216344494857,1,0.20575693406650652
814,1.1120505387509436,1,1.647859241631605
815,-0.2543641643331794,1,0.09483890370541068
816,2.3099767902927177,1,1.7911616742693304
817,-3.9578928752228357,0,-1.4788992718557585
818,0.6104030573066628,0,-0.33312857908276444
819,-1.3298854394381476,1,0.32513524334909755
820,-0.9647020180042389,1,-0.4392300207858274
821,1.316706315382466,1,-0.1790495411664089
822,-2.6989439647543176,0,-0.7995782731999558
823,2.5666098848799326,0,0.5437861510039949
824,-3.5185628219780964,0,-1.154266874615892
825,0.8728460282608241,1,1.3157547145695843
826,-2.77238156631028,0,-0.653997414881872
827,-0.9138294952516479,0,-0.1372823570624471
828,2.752175435122909,1,1.4736441306438914
829,0.9555520563514894,0,0.11427877999707219
830,2.6579962104580535,1,0.9350862581128864
831,2.6201186776168766,1,0.31033267419506083
832,0.1651364528026612,0,0.465428530246151
833,-4.592476954383616,0,-1.343405524056233
834,-5.050715631656469,0,-1.736061750641499
835,-2.297428930527618,0,-0.08874048216931348
836,0.2156826252272711,0,0.016091052732155907
837,-1.2223183209894308,0,-1.089283361522705
838,-4.338465957478898,0,-0.8835187341616321
839,-0.20346199169977075,1,-0.024978918187207964
840,0.01247230659566878,1,0.060724640299285544
841,-3.895743834217512,0,-1.5283526335605022
842,2.457528923483897,1,0.6515635571823805
843,-4.418323239523255,0,-1.1592145216247893
844,2.196367372511943,1,1.2757056843526522
845,-3.9651589839455545,0,-1.4784933866404775
846,4.710246031295063,1,1.4949202289902075
847,-1.460481137339044,0,-0.779469083092725
848,0.770873947716608,1,-0.006014710882056027
849,-1.0528497173988087,0,-0.37968648451964887
850,1.479993829058531,1,0.6478303478416518
851,0.5476470661930198,1,0.694915502667943
852,-4.536657660934519,1,-0.48791137742222845
853,1.2852517126203036,1,0.7755160037351208
854,-1.0183951809067868,0,-0.6639458935614883
855,-0.22769719282156425,1,0.8053701411240437
856,0.178884528170024,0,0.09635834373571225
857,-1.509765634796659,0,-0.2353364568483913
858,-1.2634927693400653,0,-0.2903646441352308
859,4.1294776206233585,1,1.4164655572522602
860,-0.876201473766448,0,-0.38890200816525605
861,-2.2643190906026205,0,-0.38173427223642054
862,1.4627749731065274,0,0.2131718433225065
863,8.179009739914237,1,3.278862669763731
864,0.8658931685449895,0,0.3286895621216394
865,4.471719519725807,1,2.090353367748558
866,-4.00471257139084,1,-0.9680512298761907
867,2.9355717587141488,1,0.7996786370670864
868,-0.039575483286773405,0,0.11562013668313505
869,0.22401122328617898,0,-0.2572961361896225
870,-0.08158946622326158,1,-0.6130063486603203
871,1.0387885083393553,1,0.5351904513736575
872,-0.35651154374628113,1,0.5690905048578216
873,-1.7283909084265539,1,-0.4825758924523789
874,-3.0586403607276202,0,-1.1721854201071822
875,-0.2358155093393081,0,-0.582146795789678
876,-2.2409058456299005,0,-0.7433183074543036
877,-2.9150335611377454,0,-0.9889673515122153
878,-2.9187750122829192,0,-1.4328973094139954
879,-2.196174742018016,0,-1.9057430462875316
880,2.1429274952819086,0,0.7126618857519997
881,1.168446523194061,1,-0.14817082432963813
882,6.879016822053385,1,1.6568819127669692
883,2.17268912647632,1,1.5839031131346217
884,-0.5374988466391372,1,0.12000988996129307
885,-3.79014957602946,0,-1.7508811521505128
886,-5.091236975385196,0,-1.6543271316727752
887,3.730333726671808,0,1.4364802852118435
888,-3.5118351956098657,0,-1.5373958053924937
889,-1.4993825479034861,0,-0.6348223722453211
890,0.4412705617754964,1,1.04194671038273
891,-0.08917133973595714,1,-0.24077656973414735
892,-0.30043235255819556,1,0.8446105615150228
893,1.9509904064442989,1,1.173266792092109
894,-0.2635415601147392,0,-0.3414768292092774
895,1.963000015067482,1,0.20526630038030125
896,0.7024008888405671,0,0.04516247504481468
897,3.641766998499266,1,1.2820600915776583
898,-0.7461639358417571,1,0.9818563991035826
899,-1.1135096662138384,0,-0.6017819912064735
900,3.750768023017691,1,0.3242439023022686
901,1.1269722825087995,1,0.554430865397517
902,-1.407779244786624,0,-0.6702369468587565
903,-5.424743731312039,0,-2.1384231960619737
904,2.077220451368243,0,1.0266060259696086
905,-0.3382626467494021,1,0.72562941587792
906,-0.14436584271894004,0,-0.40575485574622105
907,-1.349226891717377,0,-0.49007330528865256
908,0.24740857399005553,0,0.2429212539439616
909,4.61457940095911,1,1.3521582562632162
910,-2.6228535391617047,0,-0.19690875485015266
911,-0.9602734359428188,0,-0.793121176220914
912,-2.6245901414739845,0,-0.9559370510149655
913,-0.43934349799505557,1,1.2263547117131528
914,0.9058360982802174,1,0.02685465492301511
915,-1.1959938917218065,0,0.06442743828099194
916,-0.8000439323747771,0,-0.6467139792748544
917,-5.569227519575243,0,-1.2555450564420247
918,-0.5188304852976067,0,-1.1021789132154343
919,-2.6593121193495985,0,-1.039889908757706
920,0.44620109506032246,0,0.240806020538177
921,2.944416497998262,1,0.8404821171396514
922,3.207001010312934,1,0.7095345423999038
923,3.6736121242443267,1,0.5252950438953069
924,0.7637248170067951,1,1.071997908142474
925,4.040124738434896,1,1.4968127493219838
926,-3.7855267874486307,0,-1.4625561524476054
927,-0.9658225176947801,0,-0.48705877426828503
928,1.9643160889530509,1,0.9774809918802214
929,-3.8292413941610848,0,-1.8729652281383034
930,1.2337615743266532,1,0.39553730482614496
931,-0.2019187568239824,1,0.5996519323336189
932,3.3879264648621965,1,0.5216545918069476
933,-3.5711448485939545,0,-0.622028476533629
934,-1.0955024681525911,1,-0.7508917687021255
935,5.582131102530722,1,1.8107309857725389
936,2.054848104341068,1,-0.22775397970419475
937,1.9798720963694336,1,0.3539211857763716
938,-3.3956218158984504,0,-0.6125230115525597
939,0.048624196847249695,1,0.42217221780701475
940,-2.6605033646761536,0,-0.8139179255567289
941,-4.04664778493437,0,-1.172341534294037
942,0.6870691045584584,1,0.1076478908099985
943,2.672938657050288,1,1.3832401777401595
944,3.528399963913162,1,0.6639163964607218
945,4.32058831986094,1,0.7063916756400945
946,-2.237001701785861,0,-1.1636240741818207
947,1.5928601706627579,1,0.3886344978746411
948,4.102662065776194,1,0.8757469700144432
949,6.7933872706681555,1,1.9031023881678497
950,-1.3627463608589903,0,-0.7001855947300257
951,4.717057981879529,1,1.2939362643638315
952,-3.9510027883475716,1,-0.35371100723724447
953,-1.9444441287418228,0,-0.7088479694367962
954,0.6820685563881952,1,0.3809460004877284
955,-0.37992205548396185,0,-0.27959825468250854
956,0.18335013982827064,1,0.1958350173650451
957,1.571559895585983,0,-0.8148557914960196
958,1.944814236908839,1,0.3690366004732081
959,1.2726049874436227,1,0.8471826943487553
960,0.4805487891452822,1,-0.45144466972181546
961,0.8696764828117122,1,0.715995493022771
962,-9.863685609261086,0,-2.5123539353217184
963,1.2878948394723166,0,0.32935300213962476
964,5.699024806460336,1,1.5606539962869648
965,2.97932265067314,1,0.2591175197690379
966,4.114698302830638,1,1.211091429746394
967,4.300253961191651,0,1.4333570131607938
968,-1.5210603461805359,1,0.038664723489283216
969,1.804222702638434,1,0.03623200501298209
970,-0.12754651961028401,1,0.06582155498318926
971,8.087797329438207,1,0.4925540955571978
972,1.4034733899498628,1,1.286608237112139
973,0.9269762666009573,1,1.2669548514978595
974,0.5942221882120964,1,0.7822201109379712
975,-2.9024277671314866,1,0.2448159372023833
976,1.095349481933527,0,-0.6050885687028813
977,-2.70246492566648,0,-0.9218235137857553
978,-6.857696828633254,0,-1.7714310638092314
979,-2.0486705893618433,0,-1.0533149608969785
980,-0.49524054163709064,1,1.0708832866074716
981,-1.4222715614290091,0,-0.42470785157412205
982,0.15553451549678488,0,-0.15294098042571205
983,3.4336608656767074,1,0.4941393527813762
984,1.6833273354298695,1,1.3361354254739175
985,0.14886282715631494,0,0.3982815555813861
986,-2.6205073401018746,0,-1.0094881760919172
987,1.350521729930167,1,0.05788598972374296
988,-0.96924258631417,0,-0.913684076536177
989,-2.202619047796849,1,-1.0639239383102435
990,4.60464357811028,1,1.2918580344574253
991,-1.2712958408153296,0,-0.6320236040019551
992,0.24722157751280965,0,0.17790944497642042
993,-0.38471267368562817,1,-0.2473141165506624
994,4.158165288955391,1,1.2856787056545078
995,4.123568699290846,1,1.8799354877119594
996,0.7308898474896164,0,-0.14670604167898402
997,2.8026984208580026,1,0.592291688231265
998,-7.7837408433102055,0,-0.7440426868963893
999,2.658612414692482,1,0.589434783112644
1000,-1.7850578447872176,0,-0.7143615663870533
1001,-0.5831000363579691,0,-0.9150227017572412
1002,-1.5417215319637307,0,-1.434789643352996
1003,1.3837440422373808,0,-0.18730751997389705
1004,4.941975338798144,1,1.4023298698465965
1005,3.8232673041008174,1,1.2872595837895386
1006,-4.713034501919377,0,-1.6426784807089878
1007,0.9975153045140999,0,-0.8181863115629079
1008,1.1978541319574765,1,0.7617912711963004
1009,-2.949939741644564,0,-0.8495920067885079
1010,-1.2941367625434599,1,0.6005812259307625
1011,-2.6441127157859077,0,-1.2751116430408271
1012,1.7890990844279933,0,0.5777637519201089
1013,-3.7577776251425483,0,-1.1214318852907479
1014,3.6176456944374005,1,0.5315977297522224
1015,0.21797559064272765,1,0.6687652505720229
1016,0.5108889608168068,1,0.18964450619796758
1017,1.6531746004403458,1,0.3864168533306719
1018,2.5218285149205415,1,0.8065762352152686
1019,0.83635980277773,0,0.06612285142946016
1020,-2.999368057068222,0,-1.1006036819322775
1021,-2.379316936523141,0,-0.381017625803842
1022,-0.7909320108307807,0,-0.22722901513752325
1023,2.861954110376378,1,1.0130998831193228
1024,-0.41846884805042406,0,-0.48301676823708395
1025,1.2928384874395817,1,0.18906961042057902
1026,0.9562094723114436,1,0.29916990881397937
1027,-3.842036904161624,0,-1.3731494671489943
1028,4.898688121382037,1,0.9999252235498031
1029,-1.056891403082657,1,1.1123175322140273
1030,-4.643547772768206,0,-1.4599786491612485
1031,-0.5561114576694152,1,-0.3062221038155416
1032,-6.916248163994355,0,-1.5436249278957566
1033,0.2669029625371786,1,1.0190793303691261
1034,3.933957568482348,0,-0.3732650250641795
1035,1.650665987851496,1,1.1490674418534912
1036,2.725460847488932,1,0.7885545801320268
1037,0.24452684237961142,0,0.43019153884792594
1038,1.3690667350197274,1,1.3397682019844843
1039,3.2716638861212863,0,-1.1129690616866814
1040,-3.3884882579310003,0,-0.8136434079936747
1041,0.49077641878197875,0,0.5664922079674239
1042,-1.1708419022176852,0,-0.4466288688908141
1043,-1.06986862311551,0,-0.16094817151101953
1044,-0.6784669229124173,1,0.48236762344395007
1045,-1.0163736911721293,0,0.09655232305813619
1046,0.1725692764262174,1,-0.12604105142797536
1047,-1.5123426305079561,0,-0.6844129155233419
1048,4.1447241972100795,0,1.1179698778279406
1049,-0.6100213825358729,0,-0.12574678111600565
1050,-1.9152836713251729,0,-0.2582318467211772
1051,2.2369931759654484,1,1.6267726358611632
1052,-1.44700278105127,0,-0.4526177891078425
1053,3.566483191323659,1,1.8026775495964613
1054,-4.826288305744391,0,-1.5418028011032525
1055,1.683222268426061,1,0.9888853198325538
1056,0.3237356473110061,0,0.5999062275953977
1057,-2.8069204003560757,0,-0.9280352042088816
1058,-5.355183893351612,0,-1.5980408665763746
1059,-3.2179201646301436,0,-1.719665372960921
1060,-3.9887649818427335,0,-2.016167488210737
1061,4.441944363127476,1,1.6504928962647611
1062,-0.6295841768245255,1,0.062169056686775956
1063,-6.299346365126895,0,-1.905539469635735
1064,-1.5790532514166737,0,-0.9403454252188949
1065,1.8651710527701566,1,0.2605949478248529
1066,1.556107708753626,1,0.18898581719350857
1067,-0.4423792357861814,1,0.8376236565256434
1068,5.064160075580384,1,0.976914903289782
1069,-2.502145897742157,0,-1.6026113320393316
1070,4.525416898399556,1,1.8275585275442139
1071,-4.57350746762594,0,-1.5226055148753335
1072,1.5073817132325285,1,0.39534731610625645
1073,-0.7088708661528964,0,-0.38828638339663857
1074,-2.3524236249025092,0,-0.5598213129608126
1075,4.135181659165504,1,0.9867357744260886
1076,-1.894724440278229,0,-1.3041655291217609
1077,4.973451760779357,0,0.5045315080751361
1078,3.7441857864260943,1,0.13353579561227788
1079,-0.004749322167368231,1,0.4093273361254143
1080,0.3602041936271946,1,0.39601321174354914
1081,2.1570592223314176,1,0.8535788749186236
1082,-3.327837532202623,0,-0.5997586561548358
1083,1.8827070468019906,1,0.7089091781279552
1084,1.0675471150026086,1,0.0018586568472070235
1085,-3.6107469877069147,0,-0.7165092580831719
1086,-3.9601804439931088,0,-1.5228516707819482
1087,0.3276327108780812,1,0.03580959672492022
1088,-3.119473450249166,0,-1.0663446187915122
1089,-2.923773204081482,0,-0.6153271113600517
1090,-0.4615329689068489,0,-0.2397753240292959
1091,0.2727836665344263,1,-0.3538425082424587
1092,-2.2404253496603515,0,-1.2439269990999426
1093,-1.2393436501495003,0,-0.6856823668562537
1094,0.6276473954442807,0,0.18961861566524038
1095,2.919710223166522,1,0.8761543295626567
1096,2.5170502277868114,1,1.3008157112543717
1097,-0.13504505380590887,1,-0.570102475395386
1098,0.3098344817173672,0,-0.970846838482296
1099,1.4438782693557566,1,-0.005022232687799228
1100,0.6370763249493843,1,0.3420209224525208
1101,-4.84932295131673,0,-1.3625790937647302
1102,-1.7511818320469796,0,-0.5448943387085255
1103,-4.622025842168349,0,-2.219758249910803
1104,0.7073757040404801,0,-0.33333190218744685
1105,-1.080410356114757,0,-0.5961355615386191
1106,-3.2608796196661682,0,-1.0769373557288648
1107,1.9978244306132442,0,0.7705725009449782
1108,-1.5792187424957023,0,-1.0581516009703171
1109,1.7589252672182694,1,0.591838956142509
1110,2.48782049744241,0,-0.8486811385630681
1111,0.9190295971103611,1,0.3543445308331786
1112,-0.5456156158543685,1,0.15743020102259705
1113,-2.6777344220411954,0,-1.1166000803356677
1114,3.613433286671923,1,0.9008463733684877
1115,-2.097519038885838,1,1.2259038590481055
1116,-1.222939222872737,1,-0.6632078307909535
1117,1.449490030527205,1,0.39829292580712594
1118,1.419205856781646,1,0.30637641663657417
1119,1.400691741290122,1,1.2612595626764527
1120,5.351658871725525,1,1.5454441034252553
1121,2.948552142693874,0,-0.5758422594478353
1122,2.3606209881118954,1,0.9692417890346018
1123,2.099803484826843,1,0.3570209711936761
1124,1.068399657924323,1,1.0287850504889706
1125,-2.131630507189356,0,-0.49756956310982703
1126,-0.11432131090124305,1,-0.007838150555035324
1127,-4.809845579286192,0,-0.7862575992844735
1128,-2.0150252925923855,1,-0.08015082290202022
1129,-1.9524632825168937,0,-1.047690219463749
1130,-0.028351206207834156,0,-0.046924434388622926
1131,-5.3749385672079395,0,-1.630049014515903
1132,-3.40217384395694,0,-1.041231339875648
1133,-1.4884880456912208,0,-0.5426536289035405
1134,2.691867788476612,1,0.839585650537624
1135,-2.300750086426099,1,-0.4111844284624526
1136,4.624079144191864,1,1.7688659150095452
1137,-3.8293693999449534,0,-1.661587073453862
1138,-4.051524118724685,0,-1.7664362295898406
1139,-4.064977485499953,0,-1.1541718475885407
1140,-3.5918393980653773,0,-0.9652741135362493
1141,1.413231763651517,1,0.5991041970363317
1142,-3.784618820426938,0,-1.221548810054864
1143,1.1496520526899334,0,-0.0209823751701037
1144,-0.6706605565120742,0,-0.5969689615197579
1145,-1.363847064449782,1,0.2267919879177203
1146,2.4327349125599294,1,0.48607034808480226
1147,5.439880275595216,1,2.016628143725497
1148,2.353847319075049,0,0.5065849276204065
1149,2.2402992941888478,1,0.1693431815724842
1150,-3.14763959959695,1,-0.5064322928163651
1151,0.21195099152430022,1,-0.39679392295408755
1152,4.36709119636576,1,0.22070170545450477
1153,2.1546352744492174,1,0.5509727306747467
1154,-2.813216118717576,0,-1.5111164432468556
1155,-3.1311766061983533,0,-0.8554396507623091
1156,-0.11714059144745348,0,-1.3416841059642888
1157,-1.3306684177230153,1,-0.3460921934110953
1158,-1.1898397045054774,1,0.35367684946247874
1159,0.8588649791343437,1,-0.15557192787127014
1160,5.369317981678488,1,1.7932209575612574
1161,0.5628922620054431,1,-0.43298213493718013
1162,-0.41152410812831175,1,-0.9398916661621449
1163,-0.41298716204582875,0,-0.516713054977707
1164,-4.6838775704113615,0,-1.1972753876879028
1165,-3.3397204262803117,1,-1.2425353122947904
1166,2.5720110429243612,1,0.6594272825653235
1167,-4.479244106089816,0,-1.7975685706474478
1168,3.8891323591210316,0,0.09450293904096517
1169,-1.4820632584871012,0,-0.7211019163124813
1170,0.1863644514400986,0,-0.11461956413299904
1171,5.024565291638336,1,1.4152016355707073
1172,6.981673664608388,1,2.339751600940726
1173,0.17103464727650697,1,0.969015489370669
1174,3.494599725226984,1,1.1054235173097422
1175,-0.06928754974439544,1,-0.3729213906909692
1176,0.8723956284337635,1,0.3134121938566949
1177,0.9055375342039995,1,1.7387822110803497
1178,0.6230576242001499,1,0.37004726046286135
1179,2.1801650068280383,1,0.8454613465309841
1180,-1.48489740071429,0,-0.7167035041022835
1181,1.627864220230097,0,0.5097685694508647
1182,3.9998061532054106,1,2.3724464251618222
1183,-5.190304461574515,0,-1.139062703664066
1184,-1.103753393752656,0,-0.5049029833064415
1185,-1.0187664184592737,1,0.5339429807272629
1186,-0.2589692384219281,1,0.6742995385448487
1187,-4.061576266064855,1,0.3075753907995485
1188,1.5136733696373177,1,0.7624755204861989
1189,-1.322867149129774,0,-0.3179660946409646
1190,-0.019420102142726603,0,-0.226150351529611
1191,1.376822086270853,0,0.28154651578432843
1192,2.223839894776839,0,-0.2152572509054124
1193,-4.628733426781627,0,-1.8303744918702956
1194,-0.011618877390775051,0,-0.2853665865916033
1195,-3.3372131194329704,1,-0.3847840883262245
1196,0.7321171846939386,0,0.3516468130334609
1197,3.117301379081617,1,-0.1952753281282987
1198,0.34737966755319044,0,0.4360874789374345
1199,-0.7287045840896449,1,0.21372479119051271
1200,2.004354536636372,0,0.8186097114080351
1201,-3.692295850369692,0,-1.2421002257472225
1202,-4.380945739093266,0,-1.0544837002790328
1203,-7.796018628580928,0,-2.04980969752463
1204,-2.007624862568573,0,-0.1364481107027608
1205,0.6791445584303717,1,0.3757641541495995
1206,2.6155327098546444,0,0.5394732603698958
1207,0.8353915806685701,0,-0.2786751827131672
1208,-7.008030393229522,0,-1.194739422223326
1209,2.7790125173719096,1,0.750849523978174
1210,0.6832708221282304,1,0.43729971630774644
1211,-2.5448105280857756,0,-1.1555745650234666
1212,-3.3759202843668237,1,0.015485007960642977
1213,-3.026087801294393,0,-1.1207351612376681
1214,-1.2147109626013703,0,-0.6390504072280532
1215,1.0361303156891435,1,1.1845517380490742
1216,-6.235029225365464,0,-1.8347969017778056
1217,-0.32977200304864107,1,0.5641953078997489
1218,-2.229464463549025,0,-0.9304258343338434
1219,-1.805922867684646,0,-0.8568899214388547
1220,-2.933498959672332,1,-0.6076260545520049
1221,3.948143801642539,1,1.1400945375123683
1222,-0.7961657630842819,0,-0.3260290535002603
1223,-5.71475441070652,0,-1.528642078383233
1224,0.09839316732895195,1,0.5529152574631848
1225,-1.4681652481681597,1,0.2062884053192836
1226,2.65546749476318,1,1.1560122581738492
1227,-3.374379120181447,0,-0.906026720804062
1228,-2.0413244514448414,0,-0.6355543521206489
1229,0.6709929960484518,0,-0.3298242171388865
1230,-0.0054271214710174265,0,-0.443375285187057
1231,-2.134071485722261,0,-0.9389977063321631
1232,1.9652840455224427,1,0.10226055361030836
1233,-1.5229831381366035,0,-0.6484509041550726
1234,-0.320097611943242,1,0.0975250464970871
1235,0.6419193997626338,0,-0.5012778312605497
1236,-2.9291568168211914,0,-1.5979034785753465
1237,2.6804400450320607,1,0.7709123039641436
1238,4.252108198947281,0,0.8669168585017659
1239,2.1406616934568348,1,0.6775612878377109
1240,0.7411691091315673,1,1.0433494931833935
1241,0.6074046568229818,0,0.5934801446940672
1242,1.7729983902536508,1,1.030009781949763
1243,2.1222399691969827,1,0.8044410613877068
1244,-3.0318884030598703,0,-0.5933856195969176
1245,-2.204202725979414,0,-0.8008245313987199
1246,0.5724841178630236,1,0.26103730022206956
1247,-0.5385472629319594,0,-0.49538882000468887
1248,-0.12061974618398397,1,0.8494617031904177
1249,0.16878039450127807,0,-0.4471317797910077
1250,0.8357091511515173,1,0.9997673380095741
1251,-6.1442084930763,1,-0.6380847469604166
1252,-1.4684788680874066,1,0.16008598566380317
1253,-1.3971797022292503,0,-1.3396209555240712
1254,0.8705036073951735,1,0.849272726831997
1255,-2.9600873640037575,0,-1.12602093611959
1256,-0.11077209071529102,0,0.07706618422226588
1257,0.7410137413615285,0,0.3893179227645728
1258,-2.1064743283975704,0,-0.36163872419851256
1259,-0.46534068790041033,0,-0.4003205579710685
1260,-0.45179604206020885,0,-0.5564150992026333
1261,-2.920318261373934,0,-0.4211312918863636
1262,-4.3550035026531,0,-1.6341314012812789
1263,5.056571057932769,1,0.6840426213896156
1264,4.6207703083570895,1,1.063402643334391
1265,4.2170345338463715,1,1.5623217476204874
1266,2.9500907662183247,1,1.0517694403733966
1267,-3.9598815362385937,0,-2.0384989612503386
1268,2.6330747385039506,1,0.9259321931829242
1269,-1.5923605936624248,0,-0.5710366122013965
1270,-1.1537160612449209,0,-0.9164103976442665
1271,-0.3183912724530863,0,-0.0307273411820993
1272,-1.367046041495572,0,-0.39676059550009923
1273,2.8001186812705803,1,1.2764331931090132
1274,1.7415800731363271,1,0.7440308472129289
1275,0.04625287034451431,1,0.3974223297973378
1276,4.635520628564773,1,1.6575190191633589
1277,0.35185367152592195,1,0.33848037019028937
1278,-1.3345386061378768,1,-0.14691649024542694
1279,2.19760130078771,1,1.2195879848114766
1280,2.758085398787452,1,0.6858943300546648
1281,2.1390910013136115,0,-0.17480515436958174
1282,0.511482953433042,1,0.7445024005495459
1283,0.2282493364030724,0,-0.8426105214049164
1284,-2.631014900047608,0,-1.429353777865205
1285,-0.27390751986736694,0,0.25793238385138495
1286,2.5984185876905785,1,1.1087210488869388
1287,2.4649395873695976,0,0.043919370900339164
1288,0.15504743825618367,1,-0.3226792409710603
1289,1.4216812907808791,1,0.6011462842954337
1290,0.5511648802612376,0,0.022899142212521807
1291,-3.598127136346096,0,-1.6590475025982914
1292,0.2867552798015902,1,0.5307797822245253
1293,0.5396841171267337,1,0.432461660809885
1294,-1.6961166150683322,0,-0.6387586759950844
1295,5.176336472863272,1,1.971141330148975
1296,0.8499069867204246,0,-0.019302644566264047
1297,2.814803500977525,1,0.7608460187084556
1298,3.539023496838012,0,0.40848807917084257
1299,0.5655346990658449,0,0.7085151730368353
1300,-4.786388029535853,0,-1.5510522901568542
1301,5.359100694630326,1,0.40133117402103463
1302,5.277879775190712,1,1.5994432173708903
1303,0.11517542771177547,1,-0.6243861848885879
1304,1.1107391895463543,1,-0.09592710428380996
1305,-1.109399315672897,1,0.21711918945614936
1306,5.05352690324936,1,1.7674105618903355
1307,0.08541835328657343,1,0.32606108356428476
1308,-0.44656297603224737,0,-0.4477445952352881
1309,6.480583819477487,1,1.9330727926360127
1310,0.2596111245695484,1,1.0660817813481254
1311,4.453706891977756,1,1.2377253052342594
1312,-2.2888510511009734,0,-0.35804054156592724
1313,-1.8152168807219518,0,-1.3858127708905432
1314,-5.203248924454061,0,-1.6632687574412715
1315,-3.193321295322182,1,-0.9744748035944557
1316,-1.1843762319883506,0,0.11933262283408894
1317,5.456440458032542,1,1.1588252929849863
1318,-0.8498640227776857,0,-0.12895615991372414
1319,5.905916072020036,1,0.6573613808142035
1320,3.485284808445574,0,0.20226515426633887
1321,0.949329902442573,1,0.9661771240752555
1322,1.8667496354474848,0,-0.30024295724896316
1323,-2.2589138134731557,0,-1.3801696613144563
1324,2.7431248305953395,1,0.558533443297466
1325,0.9284189547630757,1,0.539187532915231
1326,-1.8787377233162839,0,-0.7947463907951621
1327,-0.9231316271901162,0,-0.1032849393810116
1328,0.29163701095742145,1,0.1840456069390794
1329,-6.150915322543443,0,-1.8362888576442964
1330,-3.1470453076566276,0,-1.2061192537559307
1331,3.751968219295769,1,2.082058087694341
1332,-1.4328747446507064,0,-0.8011571319644271
1333,-0.2784351450767174,0,-0.2102118271418376
1334,-0.2501193688344423,1,0.07152030336433811
1335,-0.4465096789780598,0,-1.520608986013519
1336,-3.898346801472381,0,-1.4532171483905476
1337,2.3628009567853483,1,1.9051674744187692
1338,3.8333452074590335,1,-1.4498158421382763
1339,-0.15149088885296189,1,-0.3723735200995393
1340,3.8521392429808756,1,1.0615554851621682
1341,5.206135979167992,1,1.9568696339701075
1342,-0.6796685581922043,0,-0.364954858048451
1343,-0.25349085999338766,1,0.45399395749883714
1344,4.800344074885387,1,1.672230068442295
1345,0.15702217679409614,0,-0.7084105169273426
1346,3.8738334612850363,1,1.2002315024692871
1347,2.5601264956292815,1,0.4456638831705067
1348,2.3702395530224627,1,1.08794080407941
1349,4.199940380541479,1,1.3897338175802274
1350,-4.145683062807302,0,-0.8835667196369131
1351,2.711601953132731,1,0.5049497120375764
1352,-2.5176144418185986,0,-0.4390920310520047
1353,7.106480407883872,1,1.0235365974692663
1354,-0.8581770983603598,1,0.3357499409240526
1355,-2.543065390122319,1,0.12713526599049035
1356,6.817578705768431,1,1.7143272539845507
1357,0.3311172456303868,0,-0.47232057352700113
1358,2.835996678255188,0,1.418237323125394
1359,0.6154461762951171,0,-0.05199877102220501
1360,1.2941147083887228,1,0.5578809419369574
1361,5.228294304150492,1,1.483117467086883
1362,-4.0838055583199395,0,-0.7570914232888509
1363,2.3786080230935687,1,1.6729108075198624
1364,-0.1768599064030413,0,-0.28626486525482037
1365,8.132079979413188,1,2.1590303634904435
1366,-5.9298195825916755,0,-0.4098381337588142
1367,-1.4791691480154205,0,-0.05761685995816697
1368,-1.5307640632417159,0,-0.7572918611598306
1369,5.8985920779064855,1,2.1933194200447397
1370,0.44940787856204184,1,0.09044656551314069
1371,-5.245132649103261,0,-1.9395919277006974
1372,-2.0156452993431744,0,-1.0246921715144657
1373,2.060391452304054,1,0.5965059219194542
1374,1.14728567777104,0,0.14411471818397653
1375,-0.9009495877135624,0,-0.6832981337842872
1376,1.4327581085526184,0,1.2579069293115848
1377,0.4402575318307284,1,-0.06329774968538235
1378,-2.7988655322376674,0,-1.0275828941234335
1379,1.8470943574731105,1,0.35389107281850196
1380,0.9222839268238072,1,0.5452755259237256
1381,-7.323478493590151,0,-2.0144667669289134
1382,1.0954151294348513,0,0.6410377499756728
1383,2.1384641837420277,1,0.6627220291257575
1384,-0.32742541969863226,1,0.4926097143252364
1385,3.8123258871573467,1,1.1241850414770735
1386,-5.856311223442636,0,-1.847215629416265
1387,-2.972155511034229,1,-0.06691591604730501
1388,0.651983179873511,0,0.20889559937869742
1389,-7.120010083294137,0,-1.4405827006077982
1390,-1.6555842098841302,0,-1.4742225031793725
1391,-1.168327902571912,0,-0.7073454781067389
1392,0.10840699921588745,0,-0.17204467317970268
1393,1.7712098581131628,0,0.3666257743272607
1394,4.012599474617206,1,0.696796986518801
1395,-0.313018708426391,0,-0.28751173958273657
1396,1.0096296355927565,1,1.0780213178572122
1397,1.2788157420111956,0,-0.029241815076758323
1398,-2.7870894610860653,0,-1.0671663753432927
1399,2.1059853798886343,1,0.7441765081446404
1400,1.5235412052417308,1,0.9066529082317043
1401,-3.3106476981347783,0,-0.9936431530544131
1402,-0.37370741055339796,0,0.44077732264611885
1403,0.8594694859982881,1,1.243065109926704
1404,-4.005133122550821,0,-1.4558512187476504
1405,0.6983885985269505,1,0.5295218703271023
1406,1.3893120860162316,0,0.20731111415679337
1407,4.160542578760411,1,1.221601994988308
1408,-0.25087524024828206,0,0.693315971813272
1409,-2.5451947997692446,0,-0.8202880879717589
1410,0.7484871459097353,1,0.5228410927961604
1411,0.16267702491754754,0,-0.23192271787392185
1412,-0.2660134825573085,0,-0.44725292103406783
1413,-1.8618924984554257,1,-0.7988224852500145
1414,3.6849405357340324,1,0.6947254521515522
1415,3.609749732004781,1,0.8283961845472751
1416,1.43537845414609,1,1.286257239831434
1417,5.527498844990398,1,1.5976843301377388
1418,4.369786503103965,0,1.2606909181977524
1419,-1.241645680512859,0,-0.8967705019732126
1420,3.328225263417489,1,0.5855090521845071
1421,1.4997971071739788,1,-0.00925655417431053
1422,-3.1669261617941427,0,-1.1645073718708139
1423,3.637882813020752,1,1.4474018516605494
1424,-1.1358826040241823,1,0.5278296094320027
1425,-2.11745665525705,0,-0.9013770529340805
1426,3.9125303807483305,0,0.7474254292578958
1427,2.5767042015382464,1,1.8487813877709538
1428,-1.027257061600014,0,-0.5570543399117794
1429,3.9600857307906443,1,1.0197379993364162
1430,-6.650107690246587,1,-0.2136751992958434
1431,1.6777059642186063,0,0.11756209165184428
1432,-1.0381098976705914,1,-0.13641874549751024
1433,-1.9089271842669449,0,-0.7068308071380472
1434,-0.43723823550407914,0,-0.4816421569750499
1435,5.322685560800622,1,1.4661146695661136
1436,4.5375367926371775,0,1.8275634188870868
1437,-1.9138313891011076,0,-1.0446287439743644
1438,0.05270232002322012,0,-0.05337379107026109
1439,1.3444273353801326,0,0.07170874127540684
1440,3.3467212363428533,1,1.3802098918371173
1441,-0.25312200328545464,0,0.16273146123133453
1442,1.4586571321189505,0,0.29294052256639747
1443,0.16062200334252041,1,-0.11751677735408579
1444,-0.4622542508490438,0,-0.37572092908685223
1445,0.5892721280554434,0,-0.13340747691653806
1446,0.08701571873248433,1,0.39957823163164424
1447,8.520798758366656,1,2.527896904680999
1448,3.822923213569919,1,1.04950865248036
1449,-0.17661819603920392,0,-0.9261911406317487
1450,5.15118067690711,1,0.9635039282464068
1451,1.4054966551525725,0,0.16926236639408931
1452,-1.5946431609165987,1,0.39386688267581926
1453,2.596824151266106,0,1.1931971124113938
1454,0.723347086567552,1,1.023209677822728
1455,-2.039755582784494,0,-1.1638534764459463
1456,0.2145118175012791,0,0.07805619649768156
1457,0.2093596046892358,1,0.1952725001873582
1458,4.062530135194033,1,1.2894148105273369
1459,-4.644475659638832,1,-1.3841130551692113
1460,-3.325175007873253,0,-1.2254269475546906
1461,-1.004716875166085,0,-0.32402736188391157
1462,-4.576945690716616,0,-1.5842203268687916
1463,2.378407905677177,0,0.5127708490133337
1464,-6.535895416704075,0,-1.3751225457405698
1465,0.7466946001389793,0,0.6021482714255857
1466,-4.38088445018523,0,-1.0349861659145663
1467,4.364467700401686,1,0.7466377860700781
1468,-4.142801025358411,0,-1.4776122169967068
1469,3.2871219805037293,1,0.0558208604013163
1470,-5.590335493154889,0,-1.7197777666070317
1471,4.6983692540277175,1,1.328268320712954
1472,-1.4079093395193147,0,-0.8816583468349761
1473,-0.18084043865563038,1,0.08560332643042286
1474,-1.8427344914701473,0,-0.476896780927726
1475,-3.678191828333235,0,-1.06231076608495
1476,2.260099633609836,1,0.6822765381093427
1477,-3.5855037675550587,0,-1.6400421437545405
1478,0.5704163117852648,0,0.5442757536216322
1479,-0.7794907541876455,0,-0.19250503462910945
1480,0.15687569399550338,0,-0.16345007254450808
1481,-1.749662986550514,0,0.09362314768410747
1482,-0.37128688981310853,1,0.5283607723804814
1483,-2.641133825468888,0,-0.5705582773707166
1484,1.3362330793933768,0,0.4385146106108085
1485,-3.0556723467610696,0,-0.9143146402242226
1486,-0.7627829022978383,0,-0.9346221405703001
1487,-2.17625935079281,0,-0.8298660746703317
1488,0.29650711131225005,0,-0.6937803523112994
1489,-0.6767931387500693,0,-0.94738275975239
1490,-3.0612961090376936,0,-1.1398502825115062
1491,-2.1570880672130075,0,-1.607149681740131
1492,-2.062340054329152,0,-0.28557819044522925
1493,0.3097267630660454,1,0.8407949944750928
1494,-0.43596469572024676,0,-1.1888963914721837
1495,-8.232891914008926,0,-2.4170964071035295
1496,2.0998916163345087,1,0.8020810290610781
1497,2.2660201115386105,0,1.5154147806171303
1498,-1.592727029821471,0,-0.41461658095603354
1499,1.4830768015804916,1,-0.4388834700812828
1500,-2.0808267560494325,0,-1.6034786704894806
1501,-0.6779472839734988,0,-0.9571281029912914
1502,-2.1325686480270876,0,-0.5476273428636794
1503,0.0839006135642949,1,0.6205677134421406
1504,-3.169822751085606,0,-1.034775477337166
1505,4.718453475868948,1,2.376585862752255
1506,2.2834268891844602,1,-0.09381154051181463
1507,0.6398093494992043,1,-0.26613290956155367
1508,-3.0006887318901487,0,-1.367815451461621
1509,-6.007666938928713,0,-3.0514065430389077
1510,1.0865595611717245,1,-0.17941876672764007
1511,1.0110111416453411,1,0.15460834824301814
1512,-0.7222544962337879,1,-0.6023254223108754
1513,0.8536045161710154,1,-0.0022385053426374813
1514,-1.3207030992205053,1,0.28399019284375254
1515,-2.1635936486862875,0,-1.17589268889527
1516,-2.4807182655022206,0,-1.659516670254071
1517,-0.6023147997699789,0,0.579355127478912
1518,5.7457365610046445,1,0.883592907718379
1519,1.3365545286843123,1,0.7393442982819677
1520,-2.465513723932772,1,-0.8106611135011814
1521,5.04074133505225,1,1.7001332400548639
1522,-3.566418369586011,1,-0.9615006026609034
1523,-3.571260446713966,1,-0.5326022693795947
1524,-1.638972492138569,1,0.016478018517693364
1525,0.7735024550308267,1,0.42975620779113033
1526,0.14538659950928695,0,0.345932853768936
1527,1.98472730459262,1,1.0199717280164478
1528,-0.4143105561151314,1,0.08541910316311364
1529,-1.0286352306294344,0,-0.6748180904204418
1530,-1.4121646666597665,0,-0.8174071191654695
1531,-0.19524720772795945,0,0.2223276104451347
1532,-0.3958074059612324,1,-0.08284651256039191
1533,-5.353353864643593,0,-1.5724220534623534
1534,-0.1655077821472376,0,-0.6211450281105774
1535,2.077857688153476,1,0.5200231397043886
1536,-1.4606463837299208,1,0.7165640380507792
1537,-1.4253083746836692,0,-1.1476970269697415
1538,-6.163497323780604,0,-2.0481877010977714
1539,0.611251235050957,1,0.6467675152361531
1540,-4.003226307836835,0,-1.1526363769570844
1541,-2.647886125446819,0,-1.0994433468722586
1542,-0.43787849998943107,0,-0.30911728722210785
1543,0.37207781141428536,1,-0.3122225243095361
1544,7.727742176781257,1,1.3439634300302408
1545,1.8307970766378652,0,0.2202460571709723
1546,-1.9354666562019585,0,-0.06658715512527938
1547,-3.054582524591329,0,-0.18523723653673163
1548,-5.108796769983369,1,-0.31323847827722523
1549,3.728173793029919,1,1.8586656580440066
1550,0.6957606258923372,1,0.5538293129804058
1551,-5.388521681507541,0,-2.8864060741420356
1552,-0.9602222206839084,1,-0.07432553593890552
1553,-0.6019794840462296,0,-0.09159298030546778
1554,2.684304651605495,0,0.30346573961542034
1555,-2.13437448044649,0,-0.13128984446756026
1556,0.5711249317667534,1,0.6482673200567415
1557,1.136378879020297,1,0.8391797296542615
1558,-0.0012469674315794543,1,0.5301926037444916
1559,1.6545301988698085,1,0.5271312803932636
1560,-7.789276268963215,0,-1.7698622951548042
1561,-1.8211386626035877,1,0.5948365345071951
1562,-0.6674661350037194,1,0.3191003689611545
1563,1.0939133818598412,1,1.2885023505196156
1564,-0.1328741237662472,1,0.6208661177574012
1565,-0.20079038836878843,1,0.26905440537975167
1566,-1.7857256927676435,0,-0.8184818828380644
1567,-2.87415441317982,0,-0.36889337694921515
1568,-2.0995042792250738,1,0.030855025754039204
1569,-1.055412470623656,1,0.1700048436696687
1570,-0.42794343172389204,1,-0.2810151837465583
1571,-1.8644475691479845,0,-0.48229957290659314
1572,-5.203631608920702,0,-1.0081209642694064
1573,-4.350857781503108,0,-1.3467187776707554
1574,0.3264614211476169,0,0.30657077352356166
1575,-0.9900080869950939,1,-0.07227178714240902
1576,-3.6764467760963297,0,-1.299985512872022
1577,-3.220623938808865,0,-1.020098068652457
1578,-0.3379375079507977,0,-0.15993134532954548
1579,-1.6695597384361578,0,-0.08503656541180409
1580,-4.066529987553681,0,-1.4441907297739154
1581,-6.576086209063145,1,0.7306508761670425
1582,1.7506021331731012,1,1.5081099696579787
1583,-0.7082502030771779,0,-0.005394229607296452
1584,0.8654761046086173,0,0.3713551180410167
1585,2.1983986217371436,0,0.21567771700738567
1586,1.5536141949962041,1,0.2874363428798979
1587,-5.033972343623972,0,-0.8456684443478059
1588,-0.9052222728020586,0,0.2890241326914528
1589,-3.477599941654469,0,-0.9904861298837807
1590,-0.1627460843165771,0,-0.33113126999704906
1591,-1.2636649155892312,1,-0.8616011337373976
1592,2.401842189012133,1,0.36038087941154123
1593,9.091495086401865,1,2.355787391252608
1594,-5.136863034451694,0,-1.855396280080493
1595,0.09525279324400071,1,0.1823672149829972
1596,-0.06689519461370785,0,-0.05018501149569255
1597,3.851032396783147,1,1.1774187727566572
1598,-1.7745457055583054,0,-0.45502386658806115
1599,-1.4520316792131798,0,-0.17031212376223265
1600,-2.9392398064298093,0,-0.3430854547775651
1601,-1.786141657749239,0,-0.6674253128021977
1602,-3.740112524037564,0,-1.6799292933935046
1603,4.3144167952389445,1,1.2526617958289548
1604,-0.5730959401930028,1,0.27195806529198563
1605,-2.882649647231963,0,-1.0070870755285974
1606,-6.871721821031023,0,-2.6382062813231397
1607,-3.130293556781421,0,-0.8544279210033158
1608,1.6073035352880418,1,0.47942503969957173
1609,1.3010910668164049,1,1.1203734674691292
1610,3.8096409139585194,1,0.2640565037204743
1611,-0.05474424527372035,1,-0.11404715090960538
1612,-1.1869393605545033,0,-0.6606486389076572
1613,0.23735465323171895,1,0.08785143227980213
1614,3.8789765290069202,1,-0.45543191336802014
1615,0.41344171757828385,1,0.5677671625049128
1616,-0.605862549766585,1,0.0069754107757250446
1617,1.489751388424618,1,1.600096718870969
1618,-6.470327426815523,0,-2.589865660096087
1619,-0.013905159320178884,0,-0.15043257824424963
1620,-4.939106919093607,0,-2.042765539593193
1621,0.9366894840921562,1,0.9921465547847346
1622,-2.106821292494084,1,0.5731225683152896
1623,0.9002924781708872,0,-0.02945143775076086
1624,-6.526429511990429,0,-2.1706902585616565
1625,4.420161330208378,1,1.3880608101416227
1626,2.6491328056138506,1,0.21988506746569264
1627,3.457030368277832,1,0.7174216667704202
1628,-0.5673911776072561,0,0.030024900609352704
1629,-1.60901921198455,1,-0.550973218629878
1630,0.2693136700697393,1,0.020101175329104444
1631,-2.126373819452377,0,-1.4382941799402782
1632,-3.533358883572837,0,-2.1393392907284627
1633,2.8870688893814545,1,0.8868959363173629
1634,2.4666029998620242,0,0.0495376800168006
1635,-1.155240949834687,0,-0.5439975635023339
1636,-3.1310355052952628,1,-0.5772863370705602
1637,4.04707986017984,1,0.6792996848527906
1638,-2.693893878963291,0,-0.94977599336065
1639,-7.66463411650442,0,-1.8333883741872412
1640,-0.8629043777937028,0,-0.05397806696340271
1641,1.4438101824089016,0,-0.15466372706539375
1642,2.202810092623648,1,0.44081473627518103
1643,-1.1056721041261968,0,-0.27025007048896155
1644,-2.113515101801799,0,-1.1993183949537176
1645,1.1064964622389168,1,-0.2306362309545338
1646,-0.03766763088058593,0,-0.3780924690959534
1647,1.2644198732416938,0,0.0025394907572133967
1648,-0.7897885858487239,0,0.3080688194412968
1649,1.2798605501585434,0,-0.009511160533411594
1650,-1.6756044544359563,0,-0.563107121784232
1651,-2.431407202839787,0,-0.398887025900069
1652,-8.134371091893282,0,-3.3163569854882535
1653,2.4150936993701952,1,0.982492796117607
1654,-2.2727567829174835,1,-1.2396657881053665
1655,-1.7789772205251426,0,-0.2631679228661688
1656,-0.8572106060652306,1,-0.6289972671018166
1657,-0.25587767538521833,1,-0.31147417640508374
1658,-2.6999262705422042,0,-1.0879961504644924
1659,-3.5734501224179116,1,0.3232078012541483
1660,1.4796477904749554,1,0.17256816871664957
1661,-5.195820814514295,0,-1.4294585750746693
1662,3.200815739017064,1,1.812893749742819
1663,-0.04771703981911772,1,0.8054621364679768
1664,-3.9088673815810657,0,-1.6821413067414042
1665,-3.9882667666260376,0,-1.9904113290352745
1666,-0.7002464787080168,1,0.047464503951240494
1667,0.0843058413514135,1,-0.18784859160968187
1668,-3.71461033237504,0,-2.128513767246436
1669,5.798038527584864,1,1.3455034992262693
1670,5.080863015961734,1,1.489098258979324
1671,-3.1395469673431733,0,-1.3156169838120637
1672,5.809251394556191,1,1.0535778436836938
1673,1.7829302458558731,1,0.647124207899503
1674,0.4937408676124616,1,-0.05537821451843048
1675,-1.141098039735234,0,-0.48640786464829827
1676,5.937385822560528,1,1.9599225056903695
1677,2.308742299406482,1,1.5127435681946058
1678,-4.605587825312959,0,-1.347973638653798
1679,-2.7267951673558097,0,-0.6274515336589814
1680,2.359305068947767,1,0.6849486207491411
1681,3.9338978129789366,1,2.095576592212957
1682,-1.0005021716005078,1,0.47169921786136393
1683,-4.325120330007159,0,-0.6665215156301828
1684,6.251049063797518,1,1.4798180698994197
1685,0.1785436274825928,0,-0.3125737147609071
1686,2.26328130793992,1,0.44642489033533533
1687,0.29372467018664355,0,0.2477399738521954
1688,7.128338461116171,1,2.4514879790967803
1689,2.7777440538029756,1,1.080741601378692
1690,-2.2992624284722645,0,-1.1662306819093724
1691,6.556932012983784,1,2.2471071441219026
1692,-0.528092132335735,1,0.2375232022159465
1693,-2.084384869631879,0,-0.6079369717127581
1694,-2.7358832896559875,1,0.070569763853592
1695,-0.6066756082827933,1,-0.24205061052154533
1696,0.470331235078582,1,0.5016302949369821
1697,3.552661610045641,1,1.3102632224442108
1698,-3.4705615382440973,0,-1.93686841516725
1699,0.27023801836633754,1,0.2710712163197451
1700,-4.523741568101593,0,-0.28450058739229317
1701,2.269411436281887,1,0.6403935895009255
1702,2.1434164765366837,1,-0.35082724819165517
1703,0.41652478290503137,0,-0.045662255028795944
1704,2.607725030545878,1,1.3251895545912509
1705,4.722426468574728,1,0.8143073173218293
1706,6.743920336331868,1,1.9530404060296502
1707,-2.532041433057299,0,-1.7127217950361613
1708,3.1949408742263614,1,0.9658658211707505
1709,3.882222978555271,1,1.2416949829520374
1710,-2.984732262011486,0,-0.3077477625942268
1711,-8.743201347586151,0,-2.311610086227246
1712,6.545375685378069,1,1.0916757773437715
1713,-1.9977089238165515,0,-0.3504431288276172
1714,2.967021158735668,1,1.284584340239493
1715,2.0714717017744864,1,-0.09721841514652016
1716,8.977165895613167,1,2.0227522811881427
1717,1.1143415651736515,1,0.5666900111389885
1718,1.5767185181488372,1,-0.19031151510517755
1719,0.6827401738403875,0,0.5129458844038122
1720,3.6721524501160903,1,1.314315429103369
1721,1.0104868645555733,1,0.502552941814351
1722,-0.09569344586189438,1,0.6353970127408137
1723,0.7520749680886857,0,0.6404111141266975
1724,5.733778689960936,1,2.27130301087786
1725,-1.666434649238378,0,-0.2729851813837627
1726,-1.0018951245280516,1,-0.7860892455984422
1727,5.378738013835344,1,1.4966028590451759
1728,0.9370269241799678,0,0.4719134892055762
1729,-4.353963187361522,0,-1.442501510244618
1730,-0.45435571268693464,1,0.28993122968284785
1731,-3.446473407521851,0,-1.2640099032819565
1732,-6.6082962277875845,0,-1.8168305198898467
1733,3.1294682079827862,1,1.151616603549204
1734,-3.8895932071869095,0,-1.0332497360321031
1735,-0.185752260401798,0,0.5061212650419833
1736,3.690654037304479,1,0.6006021336698947
1737,-0.7831175736389616,0,-0.06430914591804773
1738,1.090959589965185,1,0.33371599042512984
1739,0.23640893023293252,1,0.24022571777163643
1740,-2.041207733023629,0,0.05292201936599925
1741,-5.828881442116405,0,-1.7235076255633441
1742,-2.0093567912360317,0,-0.9324649936173166
1743,-1.7004753065761662,0,-0.6204855023509281
1744,1.6508411861201193,1,0.023152576354615654
1745,-1.912902720007755,0,-0.30789399405050233
1746,0.6505019704000844,1,-0.5522424052876039
1747,-3.124823809308735,0,-1.3221343339096132
1748,-3.473388805190711,0,-0.9095249086967877
1749,-0.4590409016437201,1,0.3548228200115803
1750,-1.7156318888793896,0,0.005055235116653033
1751,-0.96638933254068,1,-0.07743617432022272
1752,-0.8552358894430112,0,-1.059605615547885
1753,-3.2758265486465366,1,-0.5010841007679981
1754,-0.4290416734703145,1,0.6089785573572275
1755,-1.9019115579738108,0,-0.6832264345137137
1756,5.794970313438758,1,1.7025999018441103
1757,-1.3384290245106785,1,0.3794081603699555
1758,3.5226833010843803,1,1.0565593469539547
1759,-0.7838548136047248,0,0.013394947892204601
1760,-2.0951439685709796,0,-1.0120360380443545
1761,-0.8530381998509196,0,-0.8073105610976242
1762,1.2043152900515044,1,-0.13782316996208654
1763,-1.827258037754702,1,-0.7426187441933633
1764,-3.583686311889092,0,-0.6417661857793256
1765,-0.7129850842649608,1,-0.20125245832254426
1766,0.5785730490197776,1,0.806759978329251
1767,-4.250506500075765,0,-1.4853609167284159
1768,0.7724058141156951,1,0.5263106914663775
1769,0.4406836985699331,1,0.15963256812512652
1770,0.5738899421686552,0,0.10967289379621105
1771,0.004531492035209583,1,0.6006061546140795
1772,-1.01690487278354,1,-0.002895625311382262
1773,1.0664841130571916,1,1.0854885173966293
1774,2.0077509953336152,0,-0.1696071408555013
1775,4.173463320403204,1,0.4336062483904069
1776,-0.4994862372055827,1,0.2788148240361662
1777,-2.831820051598822,0,-0.9909939986569142
1778,0.7892638917920984,0,0.4391136591155867
1779,-1.522521985336415,1,-0.41391642923597755
1780,2.198962419964869,1,0.381525119502338
1781,-7.140472604810296,0,-1.8307844307138648
1782,-1.2533525821791565,0,-0.19700413657628174
1783,-1.2220606051758622,0,0.42882181395308683
1784,0.5362706101681642,0,0.7819019385781325
1785,3.112838128935177,1,0.7933540890066448
1786,-2.7827337560592764,0,-0.5313078901172935
1787,-2.4520290878859665,0,-0.8535307823162288
1788,0.341716654064265,1,-0.04720817596838823
1789,-1.0482206566588514,1,-0.2788235111200129
1790,1.9337393051461114,1,0.3195406695168446
1791,-5.9984271995859615,0,-1.3785884660240708
1792,-1.3371639952091119,0,-0.45308714390510196
1793,-1.1171945559753518,1,0.5179581069928563
1794,1.3299203774015775,0,0.4044745732657452
1795,1.311301660337646,0,0.7819041489039098
1796,0.696570305866106,0,0.4423428493665612
1797,1.1036590008455325,1,1.0109712427843678
1798,0.15524569858922266,0,-0.396013008890437
1799,4.533377817443296,1,1.011829553775354
1800,-2.8081527108306124,1,-0.19816543942205486
1801,-0.15760026112510417,1,1.564485245574402
1802,0.7557879371847138,1,-0.08580453342599256
1803,1.3964389604222731,1,0.5086793775008576
1804,-0.3317790918469332,1,0.5263887327843081
1805,3.250484879681285,1,0.08653646815511429
1806,0.22490131999351848,0,-0.31258009189566643
1807,0.8708989067208366,1,0.9492739879897368
1808,1.4130812288523205,1,0.3158190530724954
1809,-3.176997380423699,0,-1.723378847126895
1810,2.0865843295437,1,0.47192680598781783
1811,-0.4336561242596017,1,0.1331268489077039
1812,1.1257096830573616,1,0.41960774997270756
1813,-6.059729228032991,0,-1.3189357477967756
1814,-4.509171059289876,0,-1.6178960199736951
1815,0.17045390316976383,1,0.397796442617506
1816,0.40216484261596763,0,0.8305571461684788
1817,-3.48330106316332,0,-1.1577067113164115
1818,-1.0299366284553932,0,-0.08030344961518768
1819,-2.263508480797894,0,-0.59494547384199
1820,-2.366379577784118,0,-0.947611944368868
1821,-0.3612605424978892,1,0.16805328072423556
1822,-1.85771160416833,0,-0.745193106791536
1823,-6.9568013775178414,0,-2.5073352934213893
1824,-1.6375635099562222,0,-1.3349233258664814
1825,-0.4911160373613895,0,-0.48344903500490527
1826,-0.08754813572161123,0,-0.2790070787387809
1827,-1.5340922542488018,0,-0.1271296306259176
1828,2.7597854240823025,1,1.6863630257445383
1829,3.264110023703319,1,1.7969339053090194
1830,-0.6670210552084537,1,-0.31140122779300716
1831,-0.5373133631494603,0,-0.5640473705487266
1832,-2.9409823251165528,1,0.07050980251040753
1833,-0.8022598783238508,1,-0.1951545321673279
1834,-1.7245734612266856,1,-0.027935653146722077
1835,6.1668471313348245,1,1.7947265689718053
1836,1.4988623816117945,1,0.8592780479674135
1837,-2.3381281934969573,0,-0.4523501859472797
1838,-2.1157268076560425,0,-1.7929267285832837
1839,2.2745100568234444,0,-0.020235234617748354
1840,-2.9722207794676256,0,-1.0404561390625597
1841,-3.9970575146559124,0,-0.8212178026709405
1842,0.9911521692502442,0,-0.6283892005600592
1843,6.565172162414632,1,2.661402578639831
1844,-1.4068976551687131,0,-1.0036687079927529
1845,5.499918246497547,1,1.4657916444397567
1846,0.23112860953458209,0,0.12946175458494913
1847,-0.21117828282207166,0,-0.43321819253842303
1848,-0.8780969484324797,0,-0.24501728966939232
1849,-3.5566623733708256,0,-0.948666692522302
1850,-2.31298171956388,0,-0.6118414300877547
1851,8.317644439713176,1,2.754962281523481
1852,-2.118522110068372,0,-1.1640875282467849
1853,-0.6623020527851304,1,0.4163405789913118
1854,1.4195349867310045,1,1.0844100046813572
1855,1.2214562795562802,1,0.15660322878671068
1856,2.7029193872759554,1,0.9611929210903688
1857,-4.130911093823784,0,-0.8548687273942976
1858,1.8363043256816767,1,0.40402446818211346
1859,0.45614251563384123,1,-0.2848971074367848
1860,6.348267865172819,1,0.10537514591689649
1861,0.922919509334726,0,0.7444247778033023
1862,-0.562629494924989,0,-0.4293155278515731
1863,-1.7813276861400098,1,0.2125791527729611
1864,0.3918604337111867,0,-0.14273558379325046
1865,-1.1431848414422958,0,-0.9848597840430179
1866,-0.36178204675716374,0,0.254229106895261
1867,-1.9102884413519832,0,-0.44205350064906984
1868,-5.175475669270233,0,-1.7325975258313373
1869,-1.4899783155738713,0,-0.27290889988294237
1870,-0.5432526861960607,1,0.5227861537401197
1871,2.98854549942486,0,0.4900669753241402
1872,3.9465919952090407,1,1.9456842949747166
1873,2.0324411327618868,1,-0.1935158678819424
1874,4.597951225566793,1,1.5114452653191754
1875,-1.5250221960078385,1,0.43384003287635975
1876,0.0695466564599232,0,0.3335539948282166
1877,-2.045858343382514,0,-1.2578586083350667
1878,0.04612933142602538,1,1.0638290173509
1879,-1.0039299476999317,0,-1.0100213833931584
1880,-2.371410708061095,0,-0.5729976038108837
1881,1.3050500191915555,1,-0.5638855354132478
1882,1.8103664386840208,0,0.17644302227992717
1883,-1.5136105765922843,0,-0.14803369159022545
1884,-4.03233819864713,0,-1.5243057191741927
1885,2.533536299543452,1,0.2016355001293057
1886,-0.7591008700214502,1,-0.7471698873171816
1887,-2.301380105615507,0,-0.7476795762030739
1888,-0.7477062322864485,0,0.519538167929678
1889,-3.6732000484279252,0,-1.172850264158135
1890,2.143875683804904,1,0.8723200827381509
1891,2.538972323908422,1,0.800448182076355
1892,1.8611496137687478,0,0.12805199112211718
1893,-5.044114784832035,0,-1.2182421119681723
1894,-4.802312376501453,0,-1.7328262697839252
1895,-1.6933129689529676,0,-0.9668473522343353
1896,-1.2038839213403767,0,-0.7707152826928262
1897,1.7874119509123068,0,0.2997698480300492
1898,-2.2738875950093274,1,-0.12369212177754635
1899,1.3362095789599349,1,0.41067988289694013
1900,5.361123157392434,0,1.6885704577927032
1901,1.8890857385204867,0,0.026002923639164233
1902,-2.2948507790371835,0,-1.1400721618311598
1903,-3.0503186016789785,0,-1.644130931372237
1904,-5.66330786709213,0,-0.4275028881788817
1905,-2.054311853061784,1,0.35014686690517
1906,0.911505784985812,1,0.8059996564914306
1907,-0.5095447771255773,1,0.6872772828314491
1908,-3.9217637279262485,0,-1.83127466193719
1909,-2.550313250800998,0,-1.5672956308995531
1910,0.08159861215669047,0,-0.5517903689702393
1911,0.35003233026055813,0,-0.3171541548127149
1912,-5.799429283505184,0,-0.31225342220931873
1913,-0.41496128017981904,1,1.3780513203728
1914,8.144720075559796,1,1.381087474579223
1915,3.1513784193049066,1,1.243824862252861
1916,3.1743968388795265,0,-0.12024437733275979
1917,-0.6322670910311174,0,-0.9831242194952899
1918,0.6933813349952407,0,0.5876146760686763
1919,-3.2179468672698324,1,-0.35101123482783075
1920,0.28398668643713054,0,-0.11119751547173548
1921,0.6228895466274137,1,-0.23965634957967435
1922,-1.5289070748472595,1,0.11858318373786306
1923,2.167095951045128,0,0.8450332691132905
1924,0.6990770573648762,0,0.9754686115571259
1925,-0.9833251731786907,0,-0.5623706135465495
1926,-1.4158971776148888,1,-0.4918863104269372
1927,1.5755407837870665,0,0.195089951618458
1928,5.56807760564693,1,2.0548017058620207
1929,-0.4957911408578419,1,-0.02641563608874263
1930,0.4794461668391967,1,1.1251931944640663
1931,-0.651943376583065,1,0.14575924190980113
1932,-4.443252313800459,0,-1.2290971585633446
1933,-5.121705915294488,0,-1.6238801917113586
1934,-1.307951512059428,1,0.33871851110951284
1935,4.80217623736074,1,0.9419533919517488
1936,2.6087640895076025,1,1.5993891391610109
1937,-2.4203046211554633,1,-0.1913467840061385
1938,-1.3997692251698988,0,-1.2999570917981538
1939,-0.18975234181495898,0,0.60143036903959
1940,-0.8103107383228069,0,-0.10144186960523563
1941,-0.44475633315295576,1,1.3459710564169967
1942,-0.38700710246194503,1,0.19553125389405118
1943,0.036141047148710116,0,0.038555842413394756
1944,1.9739217511727887,1,1.4336012626605128
1945,-3.0106335973954383,0,-1.6148609297128735
1946,4.445283829084803,1,2.023979656383743
1947,-4.204852128741851,1,-0.6025477952548595
1948,-1.0704819954157287,0,0.18574116969105173
1949,-1.1723310629489492,0,-0.9650133560698292
1950,2.0270807099126125,1,0.16797636345407438
1951,4.908844301691905,1,1.2425284602999904
1952,3.5257700711409963,1,0.8543092749226008
1953,-0.006508149578997258,1,-0.39122567325223523
1954,-3.892270551863756,0,-1.354768352360332
1955,-1.4241562815468618,0,-0.5772286531289229
1956,1.137531421475478,1,0.5584927155935077
1957,-1.9086284275325824,0,-0.05033365065714273
1958,3.2182066348066076,1,1.1218571264892312
1959,0.28000107889269127,1,-0.13253875608914356
1960,5.8609459137288935,1,1.8907403680085333
1961,2.004193261659816,0,0.5204195146591117
1962,0.3756345977340282,0,-0.349129550240197
1963,5.892203060389918,1,2.933766290211664
1964,-1.7068798435623522,0,0.002014213311661648
1965,-1.6430697353740242,1,-0.3134831574192964
1966,-2.701639717115541,0,-0.5470688865716291
1967,-2.7431289581384677,1,-0.8524095199664964
1968,2.3378436332655204,1,0.6484031951423821
1969,1.2668932338739953,1,0.7398252041856377
1970,-0.8639056751285455,1,-0.10101534385380077
1971,0.3827805289742306,0,0.14655008617256685
1972,-4.879526422763403,0,-1.7613878513587278
1973,2.7740350913047935,1,1.8567325533318946
1974,-1.4696597074412925,0,-0.3135610654107623
1975,-5.060892360293094,0,-1.1560818537839914
1976,-2.9765200189325642,1,-0.5527794986710165
1977,-3.4780965671450152,1,-0.6324641097264129
1978,0.18714251882747857,1,-0.2544929156555304
1979,1.6246617903331393,0,0.18420808654365076
1980,0.6593427069762551,1,0.09858912733060507
1981,3.392407474458725,1,1.347096211135229
1982,3.9256906835816405,1,1.7392761257636653
1983,-1.7271758750626547,0,-0.8185705072755959
1984,-0.8412427951554533,0,-0.1935582672540756
1985,0.30995012399916233,1,1.1339837439139504
1986,3.2953395614542194,0,0.7668494817507603
1987,1.4059176746593487,0,0.2939247708660165
1988,-1.0303423934387013,0,0.025638932594084878
1989,-1.9965581478445524,1,0.5607186133167417
1990,1.8759185737339164,1,0.6921358670076165
1991,1.6668911926323449,0,0.31749927491462443
1992,1.3732790824017953,1,0.7007527802328521
1993,-1.6473682520266073,1,-0.10645291107707672
1994,-0.3930776165866087,0,-0.5504786674347029
1995,-1.7611791199024207,1,-0.48873442586313415
1996,-5.652544252641484,0,-1.2581807548825694
1997,-0.8880105341323089,0,-0.036651120805287485
1998,2.2286184303482344,0,0.3743420931390798
1999,1.0126324856976363,0,0.7528639727302886
